Country Name,Country Code,GrowthCap_1990,GrowthCap_2000,GrowthCap_2011,GrowthCap_2012,GrowthCap_2013,GrowthCap_2014,GrowthCap_2015,GrowthCap_2016,GrowthCap_2017,GrowthCap_2018,GrowthCap_2019
Afghanistan,AFG,,,-2.681080849,8.974879568,1.974168629,-0.665270518,-1.622886672,-0.541697283,0.082078929,-0.559824441,0.549627731
Albania,ALB,-11.1879053,7.633866403,2.821557928,1.585156475,1.187203907,1.985426103,2.516852986,3.480117005,3.897710666,4.328395578,2.650431413
Algeria,DZA,-1.754072876,2.39950644,0.980204695,1.401796703,0.761674962,1.710449517,1.6004783,1.104567921,-0.750499559,-0.615183264,-1.130692304
American Samoa,ASM,,,0.869269598,-4.234377289,-2.836798492,0.803753378,1.365901551,-2.645383249,-5.64961891,2.470435213,
Andorra,AND,-0.142614682,1.913451853,0.830101584,-3.452688295,-1.573745735,4.524455557,2.997046098,4.667654578,0.731812819,1.582169331,1.669679827
Angola,AGO,-6.657532178,-0.267944537,-0.220846528,4.70645928,1.292085637,1.219832787,-2.468715169,-5.81623672,-3.409903308,-5.162050365,-4.032613542
Antigua and Barbuda,ATG,2.154973552,4.808187364,-3.304233499,2.05110583,-1.803232595,2.622780496,2.711206847,4.42525495,2.173818458,6.430026467,3.753872928
Argentina,ARG,-3.874103165,-1.874912415,4.788683139,-2.14528445,1.265685175,-3.57858051,1.629664279,-3.110063898,1.609282344,-3.467376243,-3.130051379
Armenia,ARM,,6.570363869,4.728426776,6.914143641,2.82388904,3.07285853,2.736128725,-0.16150062,7.183757928,4.95169918,7.383361638
Aruba,ABW,2.092910106,5.427607588,3.063882371,-1.864167717,3.593197948,-0.294411895,5.125615922,1.583035098,1.521780328,,
Australia,AUS,2.049082019,2.701289318,1.0488838,2.119682504,0.834341933,1.015114993,0.732399751,1.177911433,0.657653884,1.371144495,0.363735767
Austria,AUT,3.55354779,3.12743665,2.576448318,0.222450577,-0.562298943,-0.122370667,-0.11154019,0.984638283,1.767087438,1.922118652,1.194628903
Azerbaijan,AZE,,10.19102962,-2.847182953,0.853886052,4.483203027,1.522431572,-0.147024804,-4.141174903,-0.824348483,0.62488441,1.366684408
"Bahamas, The",BHS,-3.320656503,2.755349588,-0.684017478,1.950775485,-3.899399537,-0.205232091,-0.362951164,-0.543773106,-0.937249831,0.544150189,0.795068675
Bahrain,BHR,1.312002572,0.852697132,-0.991929406,1.989229927,4.207498841,2.706652046,0.180519551,-0.441055395,-0.93275408,-2.938835675,-2.630801304
Bangladesh,BGD,3.086984024,3.257499679,5.25309563,5.298244958,4.794401642,4.856108324,5.368770649,5.950927422,6.142103948,6.737017522,7.031583836
Barbados,BRB,-3.670371407,4.03788697,-0.973739962,-0.70578296,-1.613255891,-0.310043861,2.269530555,2.309452277,0.321712492,-0.721845443,-0.229793192
Belarus,BLR,,6.299636448,5.572385837,1.780361776,0.987444297,1.63497133,-3.982648864,-2.648709831,2.567482608,3.309792107,1.400047931
Belgium,BEL,2.830268121,3.465450305,0.38001833,0.116415122,-0.013162462,1.128585855,1.443273424,0.965814583,1.51205507,1.026728438,0.901135132
Belize,BLZ,9.017270339,9.211305408,-0.481040808,0.065398982,-0.95854033,1.391470821,0.693388316,-1.943516255,-0.131148995,0.143898288,-1.603910562
Benin,BEN,5.507107214,2.745589289,0.117033148,1.919610424,4.241378271,3.439399576,-1.004112064,0.525081923,2.805123831,3.818777311,4.003206857
Bermuda,BMU,-0.79846154,8.348323379,-2.501103308,-5.178203827,-2.815614911,,,,,,
Bhutan,BTN,9.074810647,4.555612681,6.768529448,3.87705671,0.875532934,4.479326699,5.350000342,6.830611088,3.408338974,1.822273289,
Bolivia,BOL,2.445059947,0.544926185,3.510975031,3.453697676,5.127573478,3.843757228,3.282718711,2.732042257,2.696062982,2.75215381,0.796552666
Bosnia and Herzegovina,BIH,,5.28001056,2.129142525,0.848519657,4.15290947,2.905462898,4.673706877,4.458295013,3.176962825,4.577388604,3.295174693
Botswana,BWA,3.265163365,-0.064676397,4.55935823,3.219369515,10.1026078,2.848903521,-3.185996973,2.40941658,0.795459987,2.207764371,0.750508476
Brazil,BRA,-4.841871,2.911826443,3.026406873,1.014509775,2.108911835,-0.352479218,-4.351483989,-4.069407164,0.508336054,0.526155826,0.379344236
British Virgin Islands,VGB,,,,,,,,,,,
Brunei Darussalam,BRN,-1.748433606,0.702384417,2.416642103,-0.427894474,-3.440627445,-3.780740982,-1.625874207,-3.614591507,0.213081518,-0.994788509,2.832779993
Bulgaria,BGR,-7.463207655,5.300837181,3.009393254,0.943579143,0.881740726,2.475353867,4.655173073,4.542212788,4.265429723,3.831234422,4.101821143
Burkina Faso,BFA,-3.211214443,-0.966322347,3.46209643,3.309214222,2.684847205,1.282101661,0.902541924,2.914250975,3.132194591,3.800502344,2.724926527
Burundi,BDI,0.990079088,-2.593683632,0.748442779,1.198056673,1.687469876,1.021529748,-6.886405717,-3.708336062,-2.646941222,-1.557407354,-1.294802749
Cabo Verde,CPV,-1.325246962,12.22010348,2.676298838,-0.194322593,-0.480116296,-0.654704681,-0.239305248,3.443556299,2.476708347,3.325846938,4.482596583
Cambodia,KHM,,8.263891505,5.381872449,5.577863206,5.599972823,5.401782611,5.333233003,5.368731942,5.206762396,5.879372905,5.516827769
Cameroon,CMR,-8.929583562,0.874400224,1.314427049,1.7265535,2.577710656,3.061836081,2.855766469,1.901024374,0.853486026,1.379191982,1.363589954
Canada,CAN,-1.334143917,3.94521854,2.142309004,0.663247995,1.253613829,1.841026088,-0.089285776,-0.135842606,1.945910414,0.597463557,0.218665448
Cayman Islands,CYM,,,-0.938990758,-0.624585601,-0.366635549,1.109176492,1.373692911,1.703957573,1.717664957,2.001003265,
Central African Republic,CAF,-4.274199417,-4.696903818,3.443144974,4.632756721,-36.55681955,-0.282852498,3.663820259,3.722663357,3.200431219,2.224742848,1.260146014
Chad,TCD,-7.220785773,-4.463605459,-3.227478715,5.273573994,2.216698377,3.433016822,-0.490774024,-9.156966402,-5.928776623,-0.674995564,0.209857603
Channel Islands,CHI,,5.193576537,,,,,,,,,
Chile,CHL,1.653208892,4.094287354,5.05778792,4.309217504,3.03152589,0.692556387,1.105944345,0.372104022,-0.243323996,2.513385043,-0.133968534
China,CHN,2.393612459,7.640001655,9.027255945,7.33538001,7.237862515,6.881995441,6.499316783,6.271729091,6.349909622,6.266041827,5.730120691
Colombia,COL,2.249835748,1.287367948,5.916430129,2.979547872,4.183392952,3.449034009,1.761140042,0.708331384,-0.153066086,0.971629908,1.90442505
Comoros,COM,2.037009748,8.08688541,1.613333795,0.733574939,2.014724713,-0.304632305,-1.229462948,0.961267016,1.481452177,1.140509904,0.474294075
"Congo, Dem. Rep.",COD,-9.665218755,-9.255084665,3.366411993,3.571790138,4.927562523,5.895886034,3.442604598,-0.907723407,0.401471108,2.461092671,1.110159506
"Congo, Rep.",COG,-1.72438665,4.515335155,0.570601587,1.145156182,0.921951607,4.205349659,0.128546659,-5.23741467,-4.293164677,-0.989438908,-3.407564247
Costa Rica,CRI,0.883431622,1.816916923,3.052918159,3.569356339,1.102147306,2.365020868,2.51140319,3.149324392,2.798317721,1.644190886,1.110662122
Cote d'Ivoire,CIV,-4.599496549,-4.580540605,-6.641118189,8.042352489,6.225706887,6.10311564,6.13206803,4.495214422,4.65887166,4.102226343,4.162738389
Croatia,HRV,,4.302724102,0.03500035,-1.938373958,-0.271181116,0.303821249,3.284842828,4.208945678,4.384896985,3.616364243,3.450885156
Cuba,CUB,-3.800433427,5.517238203,2.703145897,2.827934086,2.514299704,0.831466817,4.273260224,0.422178217,1.771793801,2.258589685,
Curacao,CUW,,,-0.806884969,-0.964264113,-1.912431969,-2.462195476,-1.035883986,-2.030879105,-2.05324118,-1.936545966,
Cyprus,CYP,5.13996947,4.844156273,-2.127823532,-4.906824729,-6.335597521,-0.777603675,3.964918172,6.258094725,3.394992041,2.795014333,1.860235753
Czech Republic,CZE,,4.559530331,1.567627262,-0.938553682,-0.51667508,2.607037045,5.102415766,2.253976554,4.075766346,2.502686904,2.183523868
Denmark,DNK,1.310525148,3.400684565,0.920393696,-0.149916083,0.513424412,1.105433472,1.622165585,2.443369549,1.381821734,1.884890216,1.927481489
Djibouti,DJI,,,,,,5.226585759,5.893635206,4.917142251,3.730109196,6.731895362,5.854223408
Dominica,DMA,5.873745953,2.611335244,-0.277015422,-1.127317146,-1.071037328,4.346562989,-2.825077306,2.378153301,-6.996372838,2.026131376,5.394400251
Dominican Republic,DOM,-7.251603107,3.079874081,1.892348697,1.499963278,3.650787233,5.818809907,5.715425769,5.468635468,3.517924003,5.834559566,3.993214158
Ecuador,ECU,1.257248148,-0.813530425,6.221051678,4.070252971,3.387280468,2.198941227,-1.507585123,-2.898024887,0.573877117,-0.483387784,-1.612368673
"Egypt, Arab Rep.",EGY,3.1337262,4.336347588,-0.363937291,-0.012959637,-0.105957426,0.61685323,2.093722196,2.132012009,2.025577858,3.194431298,3.492042607
El Salvador,SLV,3.449535121,0.385980766,3.370851043,2.3646277,1.774522702,1.241729222,1.909434455,2.046089562,1.73807806,1.910537509,1.861864673
Equatorial Guinea,GNQ,-4.704016641,13.45329327,1.859272627,3.655755838,-8.160731147,-3.68850197,-12.71058299,-12.31397436,-9.167370371,-9.716775365,-8.849975429
Eritrea,ERI,,-5.466283031,7.207605266,,,,,,,,
Estonia,EST,,9.575212427,7.770611792,3.494634233,1.707513193,3.257770915,1.778145159,2.601693921,5.620848822,4.397182393,3.971681338
Eswatini,SWZ,17.49923464,0.613766993,1.56099202,4.682768731,3.140670969,0.159172806,1.476298418,0.36468688,1.048120085,1.32064534,0.953111552
Ethiopia,ETH,-0.739172813,3.059125871,8.094849899,5.616582788,7.499864344,7.213187282,7.391451495,6.509676197,6.684502545,4.053894044,5.523892966
Faroe Islands,FRO,,,,,,,,,,,
Fiji,FJI,5.222190735,-2.270037241,2.273244475,1.221403139,4.669003197,5.500525589,4.401855484,2.066562884,4.817787474,2.820319337,0.328525707
Finland,FIN,0.22552486,5.554001135,2.073262435,-1.865400911,-1.357536311,-0.776140375,0.212929799,2.415728243,2.858721034,1.495367656,0.891979689
France,FRA,2.401704262,3.214297711,1.69963012,-0.171212887,0.059905733,0.479080613,0.754024352,0.829056655,2.07682248,1.638526702,1.366344017
French Polynesia,PYF,0.063516295,2.07068164,,,,,,,,,
Gabon,GAB,2.336445207,-4.223985334,3.246103918,1.338213437,1.720917977,0.61986238,0.471570202,-0.968799964,-2.291575738,-1.755039188,0.857346404
"Gambia, The",GMB,-0.771422027,2.251821371,-10.86200397,2.100140355,-0.202343346,-4.34615116,0.97413624,-1.058248829,1.756616133,3.453188862,2.923566813
Georgia,GEO,-14.76515732,3.838100222,8.264988855,7.155378254,3.933646408,4.382901471,2.860094243,2.844902055,4.828569855,4.910880368,5.311090725
Germany,DEU,4.35163906,2.75592867,5.868556631,0.231212503,0.154547998,1.800420038,0.862787538,1.408102174,2.082807721,1.222787233,0.289556721
Ghana,GHA,0.392139665,1.190736061,11.3154464,6.733563592,4.847493942,0.566072146,-0.113926824,1.149647352,5.768551488,3.958667147,4.200436672
Gibraltar,GIB,,,,,,,,,,,
Greece,GRC,-1.052232898,3.495563601,-8.997954993,-6.79786087,-2.537258553,1.4130581,0.220308447,0.225031002,1.706058064,2.141385503,2.028291371
Greenland,GRL,-12.19586644,6.911024645,-0.470283635,1.536976945,-0.726861643,5.091927333,-2.214918882,4.547808581,0.493586865,3.492548261,
Grenada,GRD,4.652898818,4.478938796,0.233770768,-1.753110682,1.666363516,6.622548322,5.76621355,3.112792131,3.865297427,3.599208461,2.620827416
Guam,GUM,,,-0.032564223,1.831928855,1.56421072,1.348528018,-0.054872853,-0.386696991,-0.561803024,-1.162983053,
Guatemala,GTM,0.321449601,1.117529149,2.283970723,1.155743197,1.891361287,2.653912392,2.346294911,0.989365749,1.360138939,1.576217005,2.238176127
Guinea,GIN,1.288945869,0.189644551,3.298323484,3.612859907,1.648009616,1.295762762,1.272879681,7.926215738,7.329052599,3.21509689,2.626326784
Guinea-Bissau,GNB,3.764140048,3.305811837,5.291705532,-4.284108831,0.544731781,-1.671171599,3.399294497,3.566049448,3.270887242,1.243474153,2.061873241
Guyana,GUY,-2.770678886,-0.972939245,4.833482086,4.806622152,4.480247089,3.340901769,2.510740355,2.836059246,1.592282996,3.594471019,4.192719708
Haiti,HTI,-0.974078447,-0.855032293,3.94617874,1.380513891,2.746741508,1.331109984,-0.162491567,0.100989435,-0.138520203,0.199179707,-2.165378401
Honduras,HND,-0.124848219,4.396932354,1.837489275,2.200291905,0.947659871,1.250591786,2.047366391,2.123704453,3.083659135,1.982327776,0.982330295
"Hong Kong SAR, China",HKG,3.497513581,6.718479483,4.112117226,0.583720937,2.687931449,2.043147647,1.519987106,1.538627095,3.017315476,2.042924375,-1.930604108
Hungary,HUN,,4.750944768,2.108004102,-0.961635939,2.244145188,4.476140223,4.092853546,2.502047265,4.600531608,5.227332551,4.988096535
Iceland,ISL,0.385665617,3.46521237,1.570879052,0.758869993,3.153507485,0.953242975,3.663229298,5.157191402,2.12230622,1.07102455,-0.504942727
India,IND,3.365073043,2.021088695,3.893930345,4.165499831,5.134956907,6.186731983,6.797039412,7.082848187,5.912397886,5.024473331,3.963162537
Indonesia,IDN,5.347945151,3.482209125,4.748220608,4.606284255,4.151271234,3.63914313,3.555439566,3.759693805,3.842334157,3.984057147,3.875165687
"Iran, Islamic Rep.",IRN,10.71517944,4.53123959,1.445852238,-8.553295826,-1.423452111,3.274962297,-2.611099313,11.868692,2.327694199,,
Iraq,IRQ,53.97487793,-1.595124481,4.104583693,9.775158059,3.488253135,-2.97222802,-0.864992152,11.94474312,-4.940921809,-2.842492724,2.07390219
Ireland,IRL,8.375006717,7.996473255,-0.093176619,-0.198086862,0.819363315,7.766030481,23.98551001,2.514046181,6.974330322,6.838047804,3.966385124
Isle of Man,IMN,2.658956486,4.051425842,1.965154724,3.630950949,5.193132273,5.613741703,-0.597583108,7.331655258,3.214588866,,
Israel,ISR,4.045079372,4.653043447,2.864800981,0.3867335,2.222617474,1.785509991,0.283374883,1.96348547,1.548743352,1.47961748,1.564612927
Italy,ITA,1.900439783,3.739946533,0.53428744,-3.24206012,-2.9724038,-0.91781388,0.875477402,1.465690444,1.820333852,0.989882106,0.508128535
Jamaica,JAM,3.492546789,0.041715004,1.17350906,-1.180237892,-0.081224992,0.116180484,0.36815251,0.844838051,0.497977274,1.454524928,0.24149631
Japan,JPN,4.535250668,2.607851315,0.069762808,1.657317593,2.147531753,0.507999337,1.330400881,0.637897177,2.33647955,0.526738908,0.864738283
Jordan,JOR,-3.742650601,2.398827007,-2.789351256,-2.775699734,-2.355237323,-1.522510132,-1.437268338,-1.038735943,-0.262010615,0.129635568,0.528992662
Kazakhstan,KAZ,,10.13050011,5.873514057,3.334055983,4.485116946,2.676714897,-0.268267118,-0.327514633,2.693432134,2.740274982,3.159841981
Kenya,KEN,0.724833716,-2.125173164,3.288144617,1.8157403,3.142205435,2.694788349,3.116621982,3.346252153,2.364502867,3.894852652,2.998930483
Kiribati,KIR,-2.987725198,4.457261008,-0.152553371,3.096892794,2.746552053,-2.060395026,8.873685914,3.646049441,-0.552601961,0.821475475,0.71808075
"Korea, Dem. People’s Rep.",PRK,,,,,,,,,,,
"Korea, Rep.",KOR,8.80042947,8.15268966,2.891411994,1.865599496,2.696150961,2.556219509,2.268429401,2.539144729,2.870196962,2.178086589,1.830965529
Kosovo,XKX,,,3.482470254,1.893954678,2.813093456,1.520679884,5.525765259,4.693832298,3.443154011,3.464268767,4.336372112
Kuwait,KWT,,-0.091234129,3.531964916,0.869458864,-3.942705424,-3.980074304,-3.200601832,-0.228960017,-7.043125736,-0.741130964,-1.252907391
Kyrgyz Republic,KGZ,3.688011593,4.194824137,4.674715629,-1.738142596,8.735789299,1.957996974,1.758864405,2.231805238,2.734091919,1.713209099,2.336684474
Lao PDR,LAO,3.707083662,4.042908476,6.363803167,6.400761197,6.42812696,6.016330555,5.656391582,5.38631616,5.244660052,4.61588222,3.076179912
Latvia,LVA,,6.617989304,8.238048179,5.433913825,3.429862914,2.879503461,4.109311692,2.708168476,4.711180776,5.100521854,2.966010701
Lebanon,LBN,23.07515294,-1.163788064,-3.965946244,-3.6854442,-2.788147688,-3.228929666,-3.934312873,-1.170063488,-0.640947406,-2.456973123,-5.73060146
Lesotho,LSO,3.731048195,3.207521258,4.923699681,6.15015062,3.492048249,2.13287006,1.873221696,4.238094476,-2.095999265,-1.242201837,0.697479634
Liberia,LBR,,,4.804896885,4.906859801,5.82096229,-1.866818935,-2.520554623,-4.057198172,-0.04698527,-1.229759965,-4.621588492
Libya,LBY,,2.093129007,-62.37807684,121.7795426,-14.0731088,-24.49787957,-9.661168441,-3.901179931,24.97609618,13.44607001,1.039924032
Liechtenstein,LIE,1.04525778,1.929318561,,,,,,,,,
Lithuania,LTU,,4.564578703,8.447433601,5.235297862,4.611764467,4.401798234,2.997558037,3.867427138,5.715533225,4.638458274,4.478581131
Luxembourg,LUX,4.009810849,6.794699831,0.28527751,-2.717088527,1.286206698,1.867277284,1.873670555,2.344807203,-0.643742843,1.141053796,0.325616691
"Macao SAR, China",MAC,4.517061272,3.423706467,18.88663519,6.679517288,8.632195209,-3.349794559,-23.14119319,-2.460044496,8.166864718,3.931608389,-6.021513819
Madagascar,MDG,0.194942022,1.248416471,-1.188666683,0.233004509,-0.437923793,0.585372348,0.39078863,1.234859178,1.185014764,1.810238899,2.052906528
Malawi,MWI,1.995643418,-1.10652179,1.893187132,-0.985564538,2.255964336,2.778269574,0.002055023,-0.255885678,1.26339856,0.480027004,1.649562326
Malaysia,MYS,5.980303574,6.357502701,3.666156277,3.959634656,3.270114061,4.595193579,3.687552274,3.04105536,4.313274212,3.334501101,2.954839384
Maldives,MDV,,1.663694726,4.354973708,-1.80332647,2.54266069,2.537708683,-1.616077996,1.731998986,2.309280867,2.889730837,2.19260453
Mali,MLI,-4.267731451,-2.831820076,0.118068501,-3.721689487,-0.621491959,4.038085712,3.095724364,2.663624061,2.303849874,1.549657842,1.939027242
Malta,MLT,5.256597735,6.083458858,0.93048161,1.87397751,3.377151096,6.639896391,8.243456958,3.43553762,3.594871939,3.631532174,0.641326286
Marshall Islands,MHL,-0.475437098,0.695065375,-1.045811719,-2.690509666,3.315056731,-1.357486931,1.131431293,0.787279499,3.477735628,2.994982208,
Mauritania,MRT,-4.303715633,-6.425227832,1.149103353,1.428659612,1.124091673,1.266610002,2.370888968,-1.590303272,0.620329512,-0.684871982,3.06609884
Mauritius,MUS,6.425944037,7.144715981,3.911001248,3.209499452,3.132851975,3.556904271,3.416023973,3.766596458,3.720567648,3.703335314,3.517404944
Mexico,MEX,3.203387849,3.440985879,2.227160852,2.247145121,0.029449417,1.499188933,2.013927114,1.679693916,0.936351596,0.991932458,-1.229450298
"Micronesia, Fed. Sts.",FSM,1.323562137,5.203841492,2.650936845,-2.858424431,-4.970996854,-3.687820874,3.229743778,-0.308259797,1.536144447,-0.839038542,
Moldova,MDA,,2.315578644,5.879366918,-0.576697101,9.073084346,5.063648177,0.450049451,5.614620719,6.477160519,6.194326608,5.340856541
Monaco,MCO,2.179714129,2.930828366,5.776260271,-0.207788446,8.29018032,5.99076219,3.798657644,2.543027383,-4.210200845,5.304565902,
Mongolia,MNG,-5.096440149,0.251938336,15.15416281,10.15919245,9.43696905,5.745360276,0.388160071,-0.748813701,3.394558162,5.337663391,3.308207872
Montenegro,MNE,,3.279119285,3.120074956,-2.805617761,3.447966426,1.685007966,3.332363068,2.925463391,4.704686619,5.102542982,3.635798404
Morocco,MAR,1.514960095,0.667222054,3.835323653,1.580512366,3.060343754,1.229493548,3.1031114,-0.286735807,2.882326342,1.688275085,1.036395573
Mozambique,MOZ,-0.41030461,-1.483679769,4.491114414,4.345768201,4.042374111,4.434559392,3.740303766,0.884673467,0.775389933,0.458309216,-0.705129546
Myanmar,MMR,1.315111829,12.43457182,4.784289857,6.449430572,7.508547128,7.10610606,6.180617815,5.023403471,5.732543538,6.102874337,2.246355673
Namibia,NAM,-1.292269934,1.721034816,3.248110949,3.238694404,3.783505318,3.900748634,2.654060265,-2.10493034,-2.10626104,-1.179323345,-2.968118636
Nauru,NRU,,,9.431241921,8.958467838,24.07016591,15.54313781,-1.466933868,-0.984476096,-4.480758999,7.534020397,0.977664733
Nepal,NPL,2.086610833,4.287486107,3.313879795,4.98141892,4.407231331,6.032235943,2.909442183,-0.319386313,6.789798196,4.950696779,5.043372214
Netherlands,NLD,3.468277548,3.45353824,1.078628214,-1.395919351,-0.424178634,1.059101269,1.508266154,1.649315547,2.304284803,2.000098585,1.21591708
New Caledonia,NCL,1.17457102,0.177142857,,,,,,,,,
New Zealand,NZL,-0.767266354,2.302208272,1.58128744,1.680598516,1.843275901,2.072257347,1.67993106,1.523720267,0.996067752,2.752712473,0.591764568
Nicaragua,NIC,-2.219264557,2.494426358,4.895152347,5.08177527,3.543426943,3.41637678,3.435805407,3.224413431,3.305951711,-5.149140166,-5.053158059
Niger,NER,-4.314060543,-4.561206859,-1.527350882,6.370928063,1.520559526,2.488525266,0.394278475,1.686626842,1.043294181,2.997300239,1.889004441
Nigeria,NGA,8.930677762,2.419141981,2.525324016,1.472867464,3.853730553,3.513963445,-0.029295429,-4.16841477,-1.788826785,-0.679719294,-0.379722447
North Macedonia,MKD,,4.013498588,2.253668163,-0.542132636,2.836564339,3.543936934,3.778297696,2.77816494,1.021036167,2.672706303,3.52568353
Northern Mariana Islands,MNP,,,-7.762377591,-0.015858488,1.522249558,2.808187117,2.64046084,27.37934729,24.73789824,-20.06010379,
Norway,NOR,1.582220916,2.537301756,-0.319991952,1.362949722,-0.180216051,0.826056236,0.957500763,0.18505968,1.50014938,0.623147014,0.474165157
Oman,OMN,-4.043565423,4.794006342,-7.48490293,1.614161647,-3.022502774,-3.944121487,-1.211652744,-0.005299126,-3.669165851,-1.682778078,-2.439315106
Pakistan,PAK,1.416430079,1.536123997,0.553814319,1.328979726,2.223277179,2.507376248,2.567413562,3.349984034,3.386596692,3.682762036,-1.039798675
Palau,PLW,,,6.106629461,2.447511916,-1.223803871,4.254982233,9.832108612,0.455478151,-3.967610937,1.143233089,
Panama,PAN,5.845052222,0.711048054,9.397799359,7.911486596,5.096771298,3.292575557,3.943093867,3.170312818,3.806963433,1.951798093,1.318918339
Papua New Guinea,PNG,-5.299279192,-4.686278834,-1.080350441,2.479193303,1.726992623,11.28121975,7.308886641,2.014465032,1.497349715,-2.695128766,3.58027487
Paraguay,PRY,1.385994696,-4.274977563,2.834385667,-1.894340158,6.939282909,3.442783303,1.705403129,2.941236699,3.594847098,2.029479511,-1.286735985
Peru,PER,-6.950980025,1.213135854,5.467384491,5.267528821,4.90257197,1.305704682,1.963317088,2.422901295,0.829119681,2.205617031,0.512493735
Philippines,PHL,0.44936592,2.181100048,2.115924619,5.090725952,4.959420034,4.611106406,4.681873396,5.546601498,5.396426299,4.867131566,4.604007082
Poland,POL,,5.65722347,4.960782917,1.608149565,1.453110959,3.395806446,3.908293902,3.108219795,4.924567738,5.349235953,4.157654901
Portugal,PRT,4.177329011,3.089053832,-1.551469281,-3.66753217,-0.377397357,1.337120205,2.214483696,2.341824053,3.759092337,2.801703497,2.307710485
Puerto Rico,PRI,-3.701708113,2.98675151,0.80057306,1.24696939,0.842159018,0.436573539,0.706704569,0.666133348,-0.509099449,-0.720649577,1.176891138
Qatar,QAT,,,3.376589721,-2.949647859,-1.867995867,-1.205859563,-0.645691868,-1.280179157,-1.042852988,-0.584669133,-1.95933104
Romania,ROU,,2.593975232,2.510130947,2.532603026,3.899639726,3.798887022,4.360922044,5.403728791,7.740182644,5.052266425,4.703282159
Russian Federation,RUS,-3.162836601,10.463718,4.218725874,3.849155632,1.538963817,-1.045257463,-2.183888387,0.010248462,1.709389224,2.544589763,1.410731282
Rwanda,RWA,-2.558596136,2.463813684,5.294435326,6.001654258,2.183449275,3.558051852,6.135022469,3.259320175,1.277795639,5.736676844,6.590858434
Samoa,WSM,-4.928101857,6.40091363,3.328754835,-4.909930595,-1.269412007,-0.704799603,3.576009628,7.486492142,0.593092834,-2.556171044,2.965218096
San Marino,SMR,,0.999900312,-9.565776945,-8.330073323,-2.149400212,-1.892808878,1.477785438,1.706692279,0.090821345,0.83114502,
Sao Tome and Principe,STP,,,2.048557887,1.017866204,2.805115365,4.56839044,1.870056597,2.227092537,1.934093575,0.741510552,0.482046923
Saudi Arabia,SAU,11.16658391,3.226457836,6.703981812,2.20265505,-0.367217942,0.754234773,1.47837224,-0.601129289,-2.710455143,0.607923524,-1.333256379
Senegal,SEN,-3.615788556,0.786817359,-1.310164403,2.229589548,-0.016039671,3.66278105,3.421371972,3.411791079,4.441102502,3.460935262,2.415936541
Serbia,SRB,,6.471473064,2.845008637,-0.198378662,3.394520937,-1.126393172,2.281130095,3.882936212,2.59385298,4.964149989,4.751601285
Seychelles,SYC,6.472165963,0.612194896,10.76086835,0.272336547,4.078024634,2.891897831,2.623392345,3.173269382,3.106185684,2.768139559,3.782500062
Sierra Leone,SLE,1.787269489,3.810102745,3.924040207,12.6192137,18.05313719,2.274599807,-22.3122503,3.784629837,1.990240068,1.259327721,3.311405018
Singapore,SGP,5.631991893,7.166804368,4.143781719,1.929940775,3.153330888,2.59715384,1.773907808,1.9126083,4.244208349,2.95339704,-0.412794668
Sint Maarten (Dutch part),SXM,,,6.542775596,-2.13646282,-4.136775648,-1.325377725,-2.442133926,-2.442091232,-9.791348048,,
Slovak Republic,SVK,,1.303575594,2.731898641,1.722548067,0.562723799,2.652766168,4.722349491,1.991744105,2.88655369,3.752938611,2.26147602
Slovenia,SVN,,3.365875016,0.652024557,-2.843704993,-1.163521933,2.667133249,2.133258045,3.046245196,4.765096737,3.74138503,1.753544524
Solomon Islands,SLB,,-16.56817099,10.34024457,1.820908979,0.264323898,-0.49200242,-0.184714291,0.501602641,0.987149117,1.179036371,0.092994259
Somalia,SOM,-2.736255088,,,,,,,,,,
South Africa,ZAF,-2.675613949,2.742090718,1.720714283,0.607949069,0.852684804,0.247278816,-0.341677246,-1.060868204,-0.003138954,-0.572080197,-1.179143333
South Sudan,SSD,,,-7.767019249,-47.59058016,10.49253387,1.416363538,-12.13179824,,,,
Spain,ESP,3.675767854,4.776451415,-1.166192626,-3.02242537,-1.111898854,1.687449704,3.915768451,2.94434856,2.650679339,1.903708385,1.374664109
Sri Lanka,LKA,5.054962853,5.3547108,7.677029435,9.00387327,2.59207381,3.985755206,4.046239566,3.338429756,2.414098662,2.229017767,1.659528188
St. Kitts and Nevis,KNA,5.125012096,9.254873733,0.940287766,-3.089805212,4.454007606,5.358509072,0.185178432,1.987346581,-2.768843078,2.146710384,1.763425876
St. Lucia,LCA,8.11359643,-1.05815923,4.606706364,-0.822451535,-3.647288403,1.311785234,-1.817541693,3.468159175,2.95640624,2.112408723,1.227401354
St. Martin (French part),MAF,,,,,,,,,,,
St. Vincent and the Grenadines,VCT,3.749723629,1.614661155,-0.475376738,1.270827501,1.657664408,0.99182752,1.063831871,1.607925197,0.661933524,1.8080933,-0.001455887
Sudan,SDN,-7.873789504,3.442131139,13.56359862,9.646675276,1.920126005,0.232311396,2.410883131,2.218308951,1.814954094,-4.629843228,-4.858183487
Suriname,SUR,-6.405201052,0.893744071,4.653175527,1.539448592,1.79632115,-0.828461589,-4.425106353,-6.521650973,0.761976105,1.639804712,-1.690189701
Sweden,SWE,-0.020759192,4.598254794,2.418988511,-1.321002324,0.333984863,1.644244006,3.390176296,0.7961463,1.195147571,0.772577449,0.110251761
Switzerland,CHE,2.615466231,3.354383729,0.568370352,-0.060803479,0.687571601,1.206825758,0.186394299,0.61793998,0.853880296,1.996439167,0.216690541
Syrian Arab Republic,SYR,4.477780529,0.25823024,,,,,,,,,
Tajikistan,TJK,-3.119701508,6.639604224,5.02707203,5.065808826,4.935751742,4.209724631,3.485426878,4.28796556,4.991499098,4.699464341,4.48344979
Tanzania,TZA,3.687650952,1.978691802,4.5498065,1.442555391,3.638008388,3.581372758,3.025983613,3.713713798,3.640010881,2.352839221,2.719899605
Thailand,THA,9.622218557,3.369968559,0.357196042,6.740737523,2.222548133,0.550276983,2.719976106,3.044093141,3.707593197,3.822737967,2.082137968
Timor-Leste,TLS,,,3.941039266,4.159837146,0.327295952,2.579634876,1.163288011,1.598385098,-5.653637224,-2.713519567,1.403119355
Togo,TGO,-2.774228898,-3.68385512,3.587171765,3.745928899,3.352029841,3.200959831,3.069232944,2.93352289,1.801872363,2.375272507,2.79421744
Tonga,TON,-2.268711322,2.851792974,3.205965319,1.700493367,-2.198151265,2.820258698,3.966029962,3.019654751,1.829046648,-0.865346735,
Trinidad and Tobago,TTO,0.822612087,6.629709381,-0.893627889,0.619413976,1.55824606,-1.541105041,1.229779357,-6.788648342,-2.771450649,-0.66049439,-0.3690367
Tunisia,TUN,5.562467257,3.687799992,-2.89085825,2.989797034,1.880398522,1.945239942,0.137805237,0.049945369,0.762600932,1.49480936,-0.076234101
Turkey,TUR,7.383083509,5.033387836,9.423771175,3.092660213,6.668729517,3.39192849,4.333082787,1.513283645,5.774472871,1.305564283,-0.464571483
Turkmenistan,TKM,31.77945259,4.301418656,12.7742066,9.121441808,8.177788644,8.283140408,4.606273047,4.379132846,4.737284874,4.507616162,
Turks and Caicos Islands,TCA,,,,-4.501374097,-0.575537126,4.778921132,4.139318193,2.74913612,2.713370755,3.74471268,
Tuvalu,TUV,,-1.476604839,6.474466076,-4.784944335,3.440223797,0.285761365,7.894029393,1.878164123,2.766521449,1.270855057,8.455535869
Uganda,UGA,2.846039392,0.09886378,5.964675923,0.585699589,0.290029688,1.641212971,1.573939517,1.022778127,0.07385548,2.277240539,2.786756962
Ukraine,UKR,-6.558926109,6.971350136,5.845438605,0.486553656,0.201192016,-1.144921089,-9.443804593,2.648051731,2.9171754,3.932897969,3.827901957
United Arab Emirates,ARE,11.67839789,4.909503924,2.187920775,2.257926243,4.410159045,4.100219468,4.553055405,1.981139399,1.011502511,-0.320549385,0.225275019
United Kingdom,GBR,0.433081147,3.068548094,0.749697186,0.775734728,1.457701803,1.854584596,1.547697098,1.14866298,1.202194373,0.72852424,0.841074871
United States,USA,0.741481518,2.975208626,0.822277548,1.508614155,1.145053237,1.709321538,2.131959573,0.841916107,1.574043646,2.391096544,1.849711435
Uruguay,URY,-0.380181022,-2.276275498,4.86062488,3.230534045,4.314466937,2.904977794,0.030240603,1.32976957,2.217768646,1.247312535,-0.137889197
Uzbekistan,UZB,-1.331989736,2.408081724,4.930421047,5.806588191,5.917225101,5.386554147,5.589790004,4.265338589,2.717630178,3.630670015,3.60039615
Vanuatu,VUT,8.82642629,3.799274503,-1.464068744,-1.037297408,-0.866210852,-0.507502734,-2.512527195,0.794883479,1.786898266,0.281038672,0.439048652
"Venezuela, RB",VEN,3.939770825,1.747114297,2.559313287,3.920542223,-0.089837107,-4.731050162,,,,,
Vietnam,VNM,2.877007941,5.618634078,5.159735794,4.156333781,4.317191047,4.872999042,5.571390342,5.12005124,5.730628273,6.018088398,5.99486601
Virgin Islands (U.S.),VIR,,,-8.102479143,-14.93992302,-5.702693185,-0.719194741,0.356033326,1.092104406,-1.474767186,,
West Bank and Gaza,PSE,,-10.86318811,9.610522253,3.693569575,-0.207437731,-2.494494051,1.086642707,2.382789566,1.10936177,-1.618564497,
"Yemen, Rep.",YEM,,3.205961516,-15.10792203,-0.39186425,2.014195485,-2.802880003,-29.82706898,-11.61104785,-7.345422962,-1.594394524,
Zambia,ZMB,-3.163689467,1.150422952,2.423912326,4.31034873,1.810130369,1.480268739,-0.18853567,0.706338895,0.493954924,1.048192826,-1.193782535
Zimbabwe,ZWE,4.131719011,-3.53859549,12.45285714,14.70117262,0.192501099,0.596198049,0.10045602,-0.793566446,3.186399075,3.361137949,-9.395469552
,,,,,,,,,,,,
,,,,,,,,,,,,
,,,,,,,,,,,,
,,,,,,,,,,,,