Country Name,Country Code,Pop_1974,Pop_1975,Pop_1976,Pop_1977,Pop_1978,Pop_1979,Pop_1980,Pop_1981,Pop_1982,Pop_1983,Pop_1984,Pop_1985,Pop_1986,Pop_1987,Pop_1988,Pop_1989,Pop_1990,Pop_1991,Pop_1992,Pop_1993,Pop_1994,Pop_1995,Pop_1996,Pop_1997,Pop_1998,Pop_1999,Pop_2000,Pop_2001,Pop_2002,Pop_2003,Pop_2004,Pop_2005,Pop_2006,Pop_2007,Pop_2008,Pop_2009,Pop_2010,Pop_2011,Pop_2012,Pop_2013,Pop_2014,Pop_2015,Pop_2016,Pop_2017,Pop_2018,Pop_2019
Afghanistan,AFG,12412950,12689160,12943093,13171306,13341198,13411056,13356511,13171673,12882528,12537730,12204292,11938208,11736179,11604534,11618005,11868877,12412308,13299017,14485546,15816603,17075727,18110657,18853437,19357126,19737765,20170844,20779953,21606988,22600770,23680871,24726684,25654277,26433049,27100536,27722276,28394813,29185507,30117413,31161376,32269589,33370794,34413603,35383128,36296400,37172386,38041754
Albania,ALB,2350124,2404831,2458526,2513546,2566266,2617832,2671997,2726056,2784278,2843960,2904429,2964762,3022635,3083605,3142336,3227943,3286542,3266790,3247039,3227287,3207536,3187784,3168033,3148281,3128530,3108778,3089027,3060173,3051010,3039616,3026939,3011487,2992547,2970017,2947314,2927519,2913021,2905195,2900401,2895092,2889104,2880703,2876101,2873457,2866376,2854191
Algeria,DZA,16149025,16607707,17085801,17582904,18102266,18647815,19221665,19824301,20452902,21101875,21763575,22431502,23102389,23774284,24443467,25106190,25758869,26400479,27028326,27635515,28213774,28757785,29266405,29742979,30192754,30623406,31042235,31451514,31855109,32264157,32692163,33149724,33641002,34166972,34730608,35333881,35977455,36661444,37383887,38140132,38923687,39728025,40551404,41389198,42228429,43053054
Angola,AGO,6761380,7024000,7279509,7533735,7790707,8058067,8341289,8640446,8952950,9278096,9614754,9961997,10320111,10689250,11068050,11454777,11848386,12248901,12657366,13075049,13503747,13945206,14400719,14871570,15359601,15866869,16395473,16945753,17519417,18121479,18758145,19433602,20149901,20905363,21695634,22514281,23356246,24220661,25107931,26015780,26941779,27884381,28842484,29816748,30809762,31825295
Argentina,ARG,25462302,25865776,26264681,26661398,27061047,27471036,27896528,28338515,28794548,29262047,29737093,30216279,30698964,31184415,31668949,32148134,32618651,33079000,33529326,33970111,34402672,34828170,35246374,35657429,36063459,36467218,36870787,37275652,37681749,38087868,38491972,38892931,39289878,39684295,40080160,40482788,40788453,41261490,41733271,42202935,42669500,43131966,43590368,44044811,44494502,44938712
Armenia,ARM,2773748,2832759,2889579,2944383,2997417,3049109,3099754,3148096,3193689,3238595,3285599,3335940,3392264,3451947,3504659,3536474,3538171,3505258,3442817,3363108,3283667,3217348,3168221,3133089,3108687,3089022,3069591,3050687,3033978,3017932,3000720,2981269,2958307,2932618,2907618,2888092,2877319,2876538,2884229,2897584,2912403,2925553,2936146,2944809,2951776,2957731
Australia,AUS,13723000,13893000,14033000,14192000,14358000,14514000,14692000,14927000,15178000,15369000,15544000,15758000,16018400,16263900,16532200,16814400,17065100,17284000,17495000,17667000,17855000,18072000,18311000,18517000,18711000,18926000,19153000,19413000,19651400,19895400,20127400,20394800,20697900,20827600,21249200,21691700,22031750,22340024,22733465,23128129,23475686,23815995,24190907,24601860,24982688,25364307
Austria,AUT,7599038,7578903,7565525,7568430,7562305,7549425,7549433,7568710,7574140,7561910,7561434,7564985,7569794,7574586,7585317,7619567,7677850,7754891,7840709,7905633,7936118,7948278,7959017,7968041,7976789,7992324,8011566,8042293,8081957,8121423,8171966,8227829,8268641,8295487,8321496,8343323,8363404,8391643,8429991,8479823,8546356,8642699,8736668,8797566,8840521,8877067
Azerbaijan,AZE,5579072,5674133,5768721,5863132,5957925,6053640,6150733,6249314,6349553,6452069,6557581,6666447,6778624,6893489,7010027,7126881,7159000,7271000,7382000,7495000,7597000,7685000,7763000,7838250,7913000,7982750,8048600,8111200,8171950,8234100,8306500,8391850,8484550,8581300,8763400,8947243,9054332,9173082,9295784,9416801,9535079,9649341,9757812,9854033,9939771,10023318
Bangladesh,BGD,68742233,70066301,71652381,73463584,75450032,77529045,79639491,81767515,83932127,86142495,88416521,90764183,93187603,95671163,98186350,100695497,103171956,105599127,107983704,110350639,112737683,115169930,117649932,120160564,122682815,125189651,127657854,130088702,132478086,134791603,136986432,139035505,140921167,142660376,144304167,145924797,147575430,149273778,151007807,152764676,154520167,156256276,157970840,159670593,161356039,163046161
Belarus,BLR,9317584,9367000,9411000,9463000,9525000,9584000,9643000,9710000,9776000,9843000,9910000,9975000,10043000,10111000,10140000,10170000,10189000,10194000,10216000,10239000,10227000,10194000,10160000,10117000,10069000,10026738,9979610,9928549,9865548,9796749,9730146,9663915,9604924,9560953,9527985,9506765,9490583,9473172,9464495,9465997,9474511,9489616,9501534,9498264,9483499,9466856
Belgium,BEL,9772419,9800700,9818227,9830358,9839534,9848382,9859242,9858982,9856303,9855520,9855372,9858308,9861823,9870234,9901664,9937697,9967379,10004486,10045158,10084475,10115603,10136811,10156637,10181245,10203008,10226419,10251250,10286570,10332785,10376133,10421137,10478617,10547958,10625700,10709973,10796493,10895586,11038264,11106932,11159407,11209057,11274196,11331422,11375158,11427054,11484055
Belize,BLZ,131307,133260,135147,136989,138965,141305,144155,147566,151500,155822,160347,164921,169568,174320,179028,183469,187552,191128,194324,197622,201680,206963,213664,221580,230244,238988,247315,255063,262378,269425,276504,283800,291329,299025,306823,314655,322464,330237,338000,345715,353366,360933,368400,375769,383071,390353
Benin,BEN,3187412,3265165,3347173,3433439,3523938,3618526,3717165,3820128,3927714,4039949,4156819,4278501,4404506,4535263,4672852,4820016,4978496,5149499,5331803,5521763,5714220,5905558,6094259,6281639,6470265,6664098,6865951,7076733,7295394,7520555,7750004,7982225,8216897,8454793,8696921,8944708,9199259,9460830,9729248,10004588,10286842,10575952,10872067,11175204,11485048,11801151
Bhutan,BTN,337485,348396,359725,371428,383326,395195,406875,418111,428934,439822,451476,464266,478692,494312,509540,522179,530804,534632,534516,532596,531897,534620,541465,551709,564377,577881,591021,603640,616018,627839,638815,648739,657410,664876,671613,678323,685503,693298,701583,710238,719056,727876,736709,745568,754394,763092
Bolivia,BOL,4892293,5001419,5113456,5228252,5344939,5462419,5579935,5697096,5814345,5932810,6054123,6179460,6309130,6442831,6580312,6721115,6864842,7011453,7160920,7312850,7466793,7622338,7779267,7937458,8096761,8257066,8418264,8580235,8742814,8905823,9069039,9232306,9395446,9558439,9721454,9884781,10048590,10212954,10377676,10542376,10706517,10869730,11031813,11192854,11353142,11513100
Bosnia and Herzegovina,BIH,3942225,3985105,4025266,4063193,4100349,4138819,4179855,4222471,4265185,4307905,4350577,4392131,4435917,4479519,4509461,4507824,4463423,4369319,4233676,4078937,3936524,3829050,3764425,3736070,3734337,3743354,3751176,3755512,3759387,3762173,3764194,3765331,3765424,3762786,3754271,3735938,3705472,3661175,3604972,3542605,3482104,3429361,3386267,3351527,3323929,3301000
Botswana,BWA,714712,741355,769979,800529,832467,865075,897868,930408,962875,996130,1031439,1069582,1110943,1154906,1200067,1244484,1286756,1326322,1363554,1399110,1434059,1469174,1504730,1540425,1575824,1610264,1643334,1674678,1704642,1734398,1765527,1799078,1835908,1875459,1915639,1953498,1987105,2015402,2039551,2062536,2088614,2120716,2159944,2205128,2254126,2303697
Brazil,BRA,104706198,107216205,109790938,112425392,115121153,117878411,120694009,123570327,126498314,129448819,132383568,135274080,138108912,140891602,143627503,146328304,149003223,151648011,154259380,156849078,159432716,162019896,164614688,167209040,169785250,172318675,174790340,177196054,179537520,181809246,184006481,186127103,188167356,190130443,192030362,193886508,195713635,197514534,199287296,201035903,202763735,204471769,206163058,207833831,209469333,211049527
Bulgaria,BGR,8678745,8720742,8758599,8804183,8814032,8825940,8861535,8891117,8917457,8939738,8960679,8960547,8958171,8971359,8981446,8876972,8718289,8632367,8540164,8472313,8443591,8406067,8362826,8312068,8256786,8210624,8170172,8009142,7837161,7775327,7716860,7658972,7601022,7545338,7492561,7444443,7395599,7348328,7305888,7265115,7223938,7177991,7127822,7075947,7025037,6975761
Burkina Faso,BFA,6040041,6154545,6274037,6398935,6530819,6671656,6822843,6985160,7158255,7340905,7531242,7727907,7930694,8140073,8356305,8579823,8811034,9050084,9297113,9552476,9816588,10089878,10372745,10665546,10968724,11282701,11607942,11944587,12293100,12654621,13030569,13421930,13829176,14252021,14689725,15141098,15605217,16081911,16571246,17072775,17586017,18110624,18646378,19193284,19751535,20321378
Burundi,BDI,3646431,3700880,3770871,3854445,3949266,4051234,4157298,4266520,4379724,4497533,4621103,4750837,4886743,5027138,5168698,5307069,5438957,5564926,5685565,5798053,5898967,5987043,6060111,6122130,6185562,6267124,6378871,6525545,6704113,6909154,7131693,7364862,7607849,7862214,8126102,8397668,8675602,8958406,9245988,9540289,9844297,10160030,10487998,10827024,11175378,11530580
Cabo Verde,CPV,270230,270247,271342,273335,276174,279730,283847,288677,294254,300230,306136,311678,316616,321135,325746,331179,337950,346230,355757,366053,376407,386284,395533,404259,412514,420452,428188,435709,442951,449930,456617,463032,469170,475060,480842,486671,492654,498856,505235,511748,518269,524743,531146,537497,543767,549935
Cambodia,KHM,7533336,7524447,7404684,7196042,6957265,6770396,6693764,6749847,6919801,7169997,7447853,7714880,7960949,8198082,8435912,8691334,8975597,9289299,9623889,9970733,10317899,10656138,10982917,11298600,11600508,11886458,12155239,12405408,12637727,12856163,13066469,13273354,13477709,13679962,13883834,14093604,14312212,14541423,14780454,15026332,15274503,15521436,15766293,16009414,16249798,16486542
Cameroon,CMR,7247287,7451054,7664406,7887560,8121084,8365567,8621406,8888535,9166816,9456494,9757841,10070806,10395480,10731064,11075422,11425800,11780088,12137912,12499499,12864090,13230984,13599988,13970813,14344449,14723768,15112592,15513945,15928910,16357602,16800865,17259322,17733410,18223674,18730282,19252666,19789919,20341241,20906388,21485266,22077298,22681858,23298368,23926539,24566045,25216237,25876380
Canada,CAN,22807969,23143275,23449808,23725843,23963203,24201544,24515667,24819915,25116942,25366451,25607053,25842116,26100278,26446601,26791747,27276781,27691138,28037420,28371264,28684764,29000663,29302311,29610218,29905948,30155173,30401286,30685730,31020902,31360079,31644028,31940655,32243753,32571174,32889025,33247118,33628895,34004889,34339328,34714222,35082954,35437435,35702908,36109487,36543321,37057765,37589262
Central African Republic,CAF,1924388,1958367,1997014,2039919,2087663,2140777,2199356,2264442,2335333,2408317,2478382,2542169,2597761,2646840,2693973,2745734,2806734,2878509,2959236,3046149,3135015,3222656,3308233,3392436,3475492,3558014,3640427,3722018,3802128,3881181,3959875,4038382,4118069,4198010,4273366,4337625,4386768,4418636,4436415,4447942,4464175,4493170,4537687,4596028,4666377,4745185
Chad,TCD,3999921,4088564,4173135,4255248,4337291,4422745,4514430,4612849,4718162,4832321,4957558,5095401,5247283,5412847,5589626,5773920,5963252,6157079,6356748,6563922,6781053,7010145,7250975,7503493,7770048,8053536,8355654,8678051,9019233,9373916,9734767,10096633,10457124,10818024,11183588,11560147,11952136,12360989,12784750,13220424,13663559,14110975,14561666,15016773,15477751,15946876
Chile,CHL,10428798,10592307,10756878,10922779,11089165,11254877,11419348,11582014,11743911,11907960,12078135,12257236,12445823,12642924,12847708,13058758,13274623,13495258,13719819,13944937,14166340,14380866,14587370,14786220,14977733,15162800,15342353,15516113,15684409,15849652,16014971,16182721,16354504,16530195,16708258,16886186,17062536,17233576,17400347,17571507,17758959,17969353,18209068,18470439,18729160,18952038
China,CHN,900350000,916395000,930685000,943455000,956165000,969005000,981235000,993885000,1008630000,1023310000,1036825000,1051040000,1066790000,1084035000,1101630000,1118650000,1135185000,1150780000,1164970000,1178440000,1191835000,1204855000,1217550000,1230075000,1241935000,1252735000,1262645000,1271850000,1280400000,1288400000,1296075000,1303720000,1311020000,1317885000,1324655000,1331260000,1337705000,1344130000,1350695000,1357380000,1364270000,1371220000,1378665000,1386395000,1392730000,1397715000
Colombia,COL,23538386,24065507,24608113,25164545,25733673,26312994,26900506,27496617,28101819,28714190,29331238,29951201,30572478,31195413,31822525,32457499,33102575,33758337,34422569,35091275,35758979,36421438,37076387,37723800,38364309,38999471,39629968,40255967,40875360,41483869,42075955,42647723,43200897,43737516,44254975,44750054,45222700,45663099,46076848,46497267,46969209,47520667,48171392,48901066,49648685,50339443
Comoros,COM,250104,257290,265953,275900,286634,297447,307829,317606,326946,336096,345466,355337,365760,376654,387963,399632,411594,423872,436448,449274,462277,475394,488627,501953,515385,528848,542357,555888,569479,583211,597228,611627,626425,641620,657229,673252,689692,706569,723871,741505,759390,777424,795592,813892,832322,850886
"Congo, Dem. Rep.",COD,22282136,22903581,23560464,24249130,24956385,25663592,26358908,27040322,27717291,28403851,29119673,29881229,30683869,31528708,32443781,33464765,34612023,35908244,37333914,38815834,40252975,41576234,42757243,43827180,44849967,45919613,47105826,48428545,49871666,51425580,53068880,54785903,56578037,58453683,60411195,62448574,64563854,66755153,69020747,71358807,73767447,76244544,78789127,81398764,84068091,86790567
"Congo, Rep.",COG,1492055,1536654,1582358,1629209,1677332,1726866,1777934,1830632,1884875,1940443,1996995,2054312,2112361,2171321,2231465,2293166,2356737,2422305,2489952,2559873,2632345,2707537,2785810,2867280,2951647,3038433,3127411,3217933,3310387,3406922,3510468,3622775,3745141,3876119,4011486,4145391,4273731,4394844,4510198,4622761,4736974,4856095,4980999,5110702,5244363,5380508
Costa Rica,CRI,2042241,2094188,2148677,2205615,2264946,2326464,2389977,2455588,2523354,2593020,2664223,2736712,2810242,2884851,2960929,3039013,3119433,3202085,3286520,3372298,3458834,3545534,3632362,3718949,3803887,3885430,3962372,4034074,4100925,4164053,4225155,4285502,4345412,4404628,4463125,4520740,4577378,4633086,4688000,4742107,4795396,4847804,4899345,4949954,4999441,5047561
Cote d'Ivoire,CIV,6121285,6412403,6713950,7026496,7350270,7685918,8033650,8393691,8764989,9144931,9530107,9918196,10307281,10698194,11094748,11502449,11924877,12362407,12812421,13271643,13735433,14199762,14665127,15130663,15589414,16032573,16454668,16853026,17231539,17599610,17970494,18354514,18754916,19171237,19605569,20059147,20532950,21028655,21547188,22087505,22647683,23226143,23822714,24437469,25069229,25716544
Croatia,HRV,4490660,4512082,4535934,4559571,4581085,4594778,4599782,4611509,4634234,4658254,4680285,4701417,4721446,4739745,4755207,4767260,4777368,4689022,4575818,4600463,4652024,4620030,4557097,4534920,4532135,4512597,4468302,4299642,4302174,4303399,4304600,4310145,4311159,4310217,4309705,4305181,4295427,4280622,4267558,4255689,4238389,4203604,4174349,4124531,4087843,4067500
Cyprus,CYP,642332,649751,657527,665525,673247,680005,685405,689173,691702,694077,697714,703685,712340,723376,736474,751047,766615,783124,800611,818746,837110,855383,873423,891190,908702,926046,943290,960276,976964,993563,1010408,1027662,1045507,1063713,1081563,1098083,1112612,1124833,1135046,1143866,1152285,1160985,1170187,1179680,1189265,1198575
Czech Republic,CZE,9988459,10058620,10125939,10186755,10242098,10292341,10304193,10300591,10314826,10323856,10330213,10337118,10342227,10347318,10355276,10361068,10333355,10308578,10319123,10329855,10333587,10327253,10315241,10304131,10294373,10283860,10255063,10216605,10196916,10193998,10197101,10211216,10238905,10298828,10384603,10443936,10474410,10496088,10510785,10514272,10525347,10546059,10566332,10594438,10629928,10669709
Denmark,DNK,5045297,5059862,5072596,5088419,5104248,5116801,5123027,5121572,5117810,5114297,5111619,5113691,5120534,5127024,5129516,5132594,5140939,5154298,5171370,5188628,5206180,5233373,5263074,5284991,5304219,5321799,5339616,5358783,5375931,5390574,5404523,5419432,5437272,5461438,5493621,5523095,5547683,5570572,5591572,5614932,5643475,5683483,5728010,5764980,5793636,5818553
Djibouti,DJI,205181,224183,248556,277479,308008,336085,358960,374937,385271,393802,406017,425613,454361,490330,528999,563864,590398,606844,615054,618495,622366,630388,643654,660863,680463,699975,717584,733015,746942,759641,771603,783254,794563,805451,816358,827823,840198,853674,868136,883293,898696,913993,929112,944097,958920,973560
Dominican Republic,DOM,5014189,5144637,5275770,5407500,5539590,5671797,5803927,5935909,6067770,6199661,6331764,6464229,6596962,6729933,6863441,6997888,7133494,7270409,7408342,7546463,7683707,7819247,7952763,8084407,8214426,8343283,8471321,8598601,8724975,8850317,8974444,9097257,9218686,9338861,9458075,9576737,9695121,9813210,9930911,10048224,10165178,10281680,10397743,10513131,10627165,10738958
Ecuador,ECU,6803280,6994334,7187787,7383724,7582353,7784072,7989186,8197652,8409397,8624594,8843462,9066109,9292474,9522360,9755579,9991870,10230934,10472475,10716129,10961466,11208001,11455204,11703174,11951452,12198449,12442115,12681123,12914667,13143465,13369678,13596388,13825847,14059384,14296557,14535739,14774424,15011117,15243883,15474102,15707474,15951838,16212020,16491115,16785361,17084357,17373662
"Egypt, Arab Rep.",EGY,37708146,38549142,39422730,40329589,41275736,42267435,43309063,44400113,45539296,46728286,47968642,49258732,50602354,51991700,53399246,54788685,56134475,57424549,58666814,59880658,61095804,62334034,63601629,64892270,66200269,67515591,68831561,70152661,71485043,72826097,74172073,75523569,76873663,78232126,79636079,81134798,82761235,84529250,86422240,88404640,90424654,92442547,94447072,96442593,98423595,100388073
El Salvador,SLV,4060260,4154692,4247502,4338458,4426675,4511129,4591134,4666364,4737257,4804935,4871035,4936807,5002336,5067537,5133274,5200602,5270079,5342198,5416323,5490477,5561919,5628600,5689938,5746284,5797765,5844846,5887936,5927006,5962136,5994077,6023797,6052123,6079399,6105810,6131764,6157686,6183875,6210568,6237923,6266070,6295128,6325124,6356143,6388122,6420744,6453553
Equatorial Guinea,GNQ,265771,255800,247962,242156,239678,241980,249929,264374,284630,308206,331552,352118,369023,382981,394961,406620,419188,432853,447266,462637,479098,496768,515853,536460,558492,581770,606181,631666,658384,686664,716949,749535,784496,821687,860840,901599,943639,986853,1031191,1076413,1122276,1168568,1215179,1262001,1308974,1355986
Eritrea,ERI,1463983,1505439,1547975,1591620,1636769,1683939,1733416,1784561,1836823,1890558,1946305,2003937,2064794,2127422,2185605,2231141,2258653,2266358,2257596,2238626,2218430,2204222,2196464,2195179,2206432,2237405,2292416,2374722,2481058,2600973,2719803,2826659,2918205,2996536,3062779,3119920,3170435,3213972,..,..,..,..,..,..,..,..
Estonia,EST,1418169,1429352,1439576,1450211,1460188,1468333,1477219,1487666,1498414,1508745,1518617,1528781,1540190,1552221,1561900,1568131,1569174,1561314,1533091,1494128,1462514,1436634,1415594,1399535,1386156,1390244,1396985,1388115,1379350,1370720,1362550,1354775,1346810,1340680,1337090,1334515,1331475,1327439,1322696,1317997,1314545,1315407,1315790,1317384,1321977,1326590
Eswatini,SWZ,484749,499763,515599,532260,549796,568315,587858,608380,629811,652115,675239,699080,723595,748632,773768,798507,822420,845266,866993,887706,907620,926841,945508,963426,979918,994108,1005435,1013609,1019059,1022802,1026286,1030579,1036092,1042652,1049945,1057467,1064837,1072032,1079288,1086839,1095021,1104044,1113984,1124753,1136191,1148130
Ethiopia,ETH,31861352,32566854,33128149,33577242,33993301,34487799,35141712,35984528,36995248,38142674,39374348,40652141,41965693,43329231,44757203,46272299,47887865,49609969,51423585,53295566,55180998,57047908,58883530,60697443,62507724,64343013,66224804,68159423,70142091,72170584,74239505,76346311,78489206,80674348,82916235,85233913,87639964,90139927,92726971,95385785,98094253,100835458,103603501,106400024,109224559,112078730
Fiji,FJI,565415,576626,587557,598296,609383,621585,635307,651021,668280,685497,700483,711775,718639,721783,722930,724594,728573,735401,744469,754963,765609,775425,784386,792736,800157,806303,811006,813925,815257,816076,817860,821604,827870,836190,845361,853637,859818,863449,865069,865608,866453,868627,872399,877459,883483,889953
Finland,FIN,4690574,4711440,4725664,4738902,4752528,4764690,4779535,4799964,4826933,4855787,4881803,4902206,4918154,4932123,4946481,4964371,4986431,5013740,5041992,5066447,5088333,5107790,5124573,5139835,5153498,5165474,5176209,5188008,5200598,5213014,5228172,5246096,5266268,5288720,5313399,5338871,5363352,5388272,5413971,5438972,5461512,5479531,5495303,5508214,5515525,5520314
France,FRA,53592233,53931390,54220022,54467702,54691851,54917118,55161527,55430296,55718933,56023770,56337666,56654696,56976123,57302663,57627105,57940212,58235697,58559311,58851217,59106768,59327192,59541899,59753100,59964851,60186288,60496718,60912500,61357430,61805267,62244886,62704895,63179351,63621381,64016225,64374984,64707040,65027507,65342780,65659809,65998687,66312067,66548272,66724104,66864379,66965912,67059887
Gabon,GAB,634742,647536,661402,676255,692077,708788,726328,744696,763930,784061,805115,827108,850048,873867,898469,923711,949488,975783,1002579,1029778,1057255,1084946,1112955,1141338,1170061,1199052,1228360,1258003,1288315,1319953,1353795,1390549,1430152,1472575,1518540,1568928,1624140,1684635,1749682,1817071,1883800,1947686,2007873,2064823,2119275,2172579
"Gambia, The",GMB,523251,539979,557805,576757,596536,616768,637246,657579,678113,700199,725694,755787,791147,831023,873444,915635,955593,992673,1027475,1060862,1094212,1128575,1164091,1200526,1238125,1277133,1317703,1360074,1404261,1449925,1496527,1543741,1591445,1639848,1689285,1740279,1793196,1848147,1905011,1963711,2024042,2085860,2149139,2213894,2280102,2347706
Georgia,GEO,4279500,4311200,4342400,4372100,4397700,4430200,4467700,4504500,4542800,4582900,4622200,4662900,4704500,4743500,4790700,4803300,4802000,4835900,4873500,4911100,4836076,4657722,4491699,4349913,4243607,4157192,4077131,4014373,3978515,3951736,3927340,3902469,3880347,3860158,3848449,3814419,3786695,3756441,3728874,3717668,3719414,3725276,3727505,3728004,3726549,3720382
Germany,DEU,78967433,78673554,78336950,78159814,78091820,78126350,78288576,78407907,78333366,78128282,77858685,77684873,77720436,77839920,78144619,78751283,79433029,80013896,80624598,81156363,81438348,81678051,81914831,82034771,82047195,82100243,82211508,82349925,82488495,82534176,82516260,82469422,82376451,82266372,82110097,81902307,81776930,80274983,80425823,80645605,80982500,81686611,82348669,82657002,82905782,83132799
Ghana,GHA,9749104,9985946,10199165,10395452,10590261,10805314,11056116,11348289,11676823,12033575,12405660,12783613,13164837,13552021,13947042,14353410,14773277,15207367,15653336,16106765,16561674,17014057,17462496,17908985,18357156,18812359,19278856,19756928,20246381,20750299,21272323,21814642,22379055,22963946,23563825,24170940,24779619,25387710,25996449,26607642,27224472,27849205,28481946,29121471,29767108,30417856
Greece,GRC,8962022,9046541,9188150,9308479,9429959,9548258,9642505,9729350,9789513,9846627,9895801,9934300,9967213,10000595,10036983,10089498,10196792,10319927,10399061,10460415,10512922,10562153,10608800,10661259,10720509,10761698,10805808,10862132,10902022,10928070,10955141,10987314,11020362,11048473,11077841,11107017,11121341,11104899,11045011,10965211,10892413,10820883,10775971,10754679,10732882,10716322
Guatemala,GTM,5994300,6131151,6269983,6412667,6561919,6720582,6890346,7071186,7262658,7462585,7669863,7884034,8104921,8332446,8566331,8805995,9050115,9296814,9544055,9790619,10037522,10286786,10536942,10788362,11046215,11311078,11589761,11871565,12147518,12415334,12682108,12948292,13213330,13477017,13739299,14000190,14259687,14521515,14781942,15043981,15306316,15567419,15827690,16087418,16346950,16604026
Guinea,GIN,4424030,4491248,4559242,4628877,4702376,4782495,4871435,4969592,5077082,5195445,5326362,5470702,5629418,5801326,5982486,6167475,6352283,6534939,6716038,6897166,7081116,7269625,7463782,7662075,7860781,8054743,8240730,8417081,8586074,8753093,8925743,9109581,9307425,9518162,9738792,9964469,10192176,10420471,10652029,10892810,11150977,11432088,11738441,12067539,12414318,12771246
Guinea-Bissau,GNB,757674,765989,770421,771737,772142,774726,781677,793806,810405,830207,851276,872163,892522,912754,933045,953790,975261,997522,1020350,1043423,1066346,1088854,1110833,1132510,1154371,1177131,1201301,1227106,1254453,1283305,1313492,1344930,1377581,1411543,1446936,1483921,1522599,1562989,1604979,1648257,1692439,1737202,1782437,1828146,1874309,1920922
Guyana,GUY,737847,745841,754101,762424,770125,776254,780153,781732,781246,778948,775219,770435,764446,757448,750639,745585,743309,744474,748602,754144,758896,761291,760795,757970,753778,749674,746715,745206,744789,745143,745737,746163,746343,746474,746817,747718,749436,752028,755399,759285,763380,767432,771366,775221,779004,782766
Haiti,HTI,5003710,5094577,5191632,5294619,5404019,5520187,5643173,5773366,5910227,6051622,6194687,6337273,6478541,6618744,6758223,6897755,7037917,7178607,7319493,7460689,7602320,7744503,7887304,8030726,8174680,8319057,8463806,8608819,8754150,8900104,9047077,9195288,9344785,9495328,9646580,9798046,9949322,10100320,10250930,10400673,10549008,10695542,10839970,10982366,11123176,11263077
Honduras,HND,3059239,3153253,3251145,3352825,3458095,3566654,3678279,3792919,3910640,4031325,4154860,4281161,4410269,4542214,4677024,4814702,4955303,5098591,5244678,5394412,5548960,5709014,5874809,6045699,6220406,6397151,6574509,6751912,6929265,7106319,7282953,7458985,7634298,7808518,7980955,8150775,8317470,8480671,8640691,8798521,8955589,9112916,9270795,9429013,9587522,9746117
Hungary,HUN,10478720,10540525,10598677,10648031,10684822,10704152,10711122,10711848,10705535,10689463,10668095,10648713,10630564,10612741,10596487,10481719,10373988,10373400,10369341,10357523,10343355,10328965,10311238,10290486,10266570,10237530,10210971,10187576,10158608,10129552,10107146,10087065,10071370,10055780,10038188,10022650,10000023,9971727,9920362,9893082,9866468,9843028,9814023,9787966,9775564,9769949
Iceland,ISL,215209,217979,220154,221799,223537,225735,228138,230755,233860,236977,239511,241405,243180,245859,249740,252852,254826,257797,261057,263725,266021,267468,268916,271128,274047,277381,281205,284968,287523,289521,292074,296734,303782,311566,317414,318499,318041,319014,320716,323764,327386,330815,335439,343400,352721,361313
India,IND,608802600,623102897,637630087,652408776,667499806,682995354,698952844,715384993,732239504,749428958,766833410,784360008,801975244,819682102,837468930,855334678,873277798,891273209,909307016,927403860,945601831,963922588,982365243,1000900030,1019483581,1038058156,1056575549,1075000085,1093317189,1111523144,1129623456,1147609927,1165486291,1183209472,1200669765,1217726215,1234281170,1250288729,1265782790,1280846129,1295604184,1310152403,1324509589,1338658835,1352617328,1366417754
Indonesia,IDN,127422211,130680727,133966941,137278058,140621730,144009845,147447836,150938232,154468229,158009246,161523347,164982451,168374287,171702763,174975954,178209150,181413402,184591903,187739786,190851175,193917462,196934260,199901228,202826446,205724592,208615169,211513823,214427417,217357793,220309469,223285676,226289470,229318262,232374245,235469762,238620563,241834215,245116206,248452413,251806402,255129004,258383256,261554226,264645886,267663435,270625568
"Iran, Islamic Rep.",IRN,31786471,32729772,33733961,34803045,35960805,37237137,38650246,40199906,41869236,43636837,45472791,47347186,49260255,51193782,53077313,54822003,56366217,57679034,58780370,59723764,60590614,61442664,62294920,63136312,63971836,64800880,65623405,66449112,67284796,68122938,68951281,69762347,70554760,71336475,72120604,72924837,73762519,74634956,75539862,76481943,77465753,78492215,79564016,80673951,81800269,82913906
Iraq,IRQ,11312062,11684590,12068676,12462070,12860680,13259113,13653354,14044117,14432468,14815656,15190393,15555800,15909762,16257070,16612322,16994948,17419113,17889459,18402734,18955085,19539340,20149338,20783073,21439574,22114324,22802064,23497585,24208180,24931919,25644499,26313838,26922284,27448124,27911248,28385746,28973162,29741976,30725300,31890011,33157050,34411951,35572261,36610632,37552781,38433600,39309783
Ireland,IRL,3137500,3189550,3238050,3282200,3329100,3373750,3412800,3453000,3485800,3510600,3532423,3538082,3539690,3540057,3524949,3511009,3513974,3534235,3558430,3576261,3590386,3608841,3637510,3674171,3712696,3754786,3805174,3866243,3931947,3996521,4070262,4159914,4273591,4398942,4489544,4535375,4560155,4580084,4599533,4623816,4657740,4701957,4755335,4807388,4867316,4941444
Israel,ISR,3377000,3455000,3533000,3613000,3690000,3786000,3878000,3956000,4031000,4105000,4159000,4233000,4299000,4369000,4442000,4518000,4660000,4949000,5123000,5261000,5399000,5545000,5692000,5836000,5971000,6125000,6289000,6439000,6570000,6689700,6809000,6930100,7053700,7180100,7308800,7485600,7623600,7765800,7910500,8059500,8215700,8380100,8546000,8713300,8882800,9053300
Italy,ITA,55110868,55441001,55718260,55955411,56155143,56317749,56433883,56501675,56543548,56564074,56576718,56593071,56596155,56601931,56629288,56671781,56719240,56758521,56797087,56831821,56843400,56844303,56860281,56890372,56906744,56916317,56942108,56974100,57059007,57313203,57685327,57969484,58143979,58438310,58826731,59095365,59277417,59379449,59539717,60233948,60789140,60730582,60627498,60536709,60421760,60297396
Jamaica,JAM,1998309,2028016,2055365,2080831,2105907,2132785,2162846,2196921,2234057,2271736,2306366,2335510,2358161,2375393,2389411,2403464,2419906,2439334,2461049,2484581,2509043,2533711,2558637,2583916,2608873,2632675,2654701,2674702,2692845,2709437,2725015,2740003,2754407,2768227,2781876,2795837,2810460,2825929,2842132,2858709,2875136,2891021,2906238,2920853,2934855,2948279
Japan,JPN,110162000,111940000,112771000,113863000,114898000,115870000,116782000,117648000,118449000,119259000,120018000,120754000,121492000,122091000,122613000,123116000,123537000,123921000,124229000,124536000,124961000,125439000,125757000,126057000,126400000,126631000,126843000,127149000,127445000,127718000,127761000,127773000,127854000,128001000,128063000,128047000,128070000,127833000,127629000,127445000,127276000,127141000,126994511,126785797,126529100,126264931
Jordan,JOR,2007735,2065913,2123180,2179363,2237943,2303122,2377995,2464867,2563534,2671413,2784463,2900049,3015299,3131796,3256558,3399330,3565890,3760496,3977672,4201555,4410359,4588843,4732854,4848541,4943975,5031762,5122493,5217336,5317506,5434030,5580244,5765635,5991540,6255280,6556478,6893260,7261539,7663131,8090872,8520420,8920049,9266575,9551467,9779173,9956011,10101694
Kazakhstan,KAZ,13869975,14050226,14212145,14359624,14499952,14643133,14796174,14958908,15128087,15303309,15483419,15665595,15852525,16039251,16206002,16249500,16348000,16450500,16439095,16330419,16095199,15815626,15577894,15333703,15071300,14928426,14883626,14858335,14858948,14909018,15012985,15147029,15308084,15484192,15674000,16092822,16321872,16557201,16792089,17035550,17288285,17542806,17794055,18037776,18276498.5,18513930
Kenya,KEN,13077341,13575907,14096263,14638890,15205374,15797776,16417197,17063876,17736326,18431761,19146400,19877083,20622560,21382112,22153676,22935092,23724579,24521703,25326078,26136216,26950513,27768296,28589451,29415659,30250488,31098757,31964557,32848564,33751739,34678779,35635271,36624895,37649033,38705932,39791981,40901792,42030676,43178257,44343410,45519889,46699981,47878336,49051686,50221473,51393010,52573973
Kiribati,KIR,54333,55114,55924,56764,57618,58461,59301,60104,60887,61733,62744,63986,65505,67248,69089,70853,72400,73692,74766,75716,76670,77723,78903,80187,81556,82972,84396,85849,87305,88835,90499,92325,94343,96527,98761,100930,102927,104728,106370,107890,109391,110930,112524,114158,115847,117606
"Korea, Rep.",KOR,34692266,35280725,35848523,36411795,36969185,37534236,38123775,38723248,39326352,39910403,40405956,40805744,41213674,41621690,42031247,42449038,42869283,43295704,43747962,44194628,44641540,45092991,45524681,45953580,46286503,46616677,47008111,47370164,47644736,47892330,48082519,48184561,48438292,48683638,49054708,49307835,49554112,49936638,50199853,50428893,50746659,51014947,51217803,51361911,51606633,51709098
Kosovo,XKX,1339000,1369000,1400000,1430000,1460000,1491000,1521000,1552000,1582000,1614000,1647000,1682000,1717000,1753000,1791000,1827000,1862000,1898000,1932000,1965000,1997000,2029000,2059000,2086000,1966000,1762000,1700000,1701154,1702310,1703466,1704622,1705780,1719536,1733404,1747383,1761474,1775680,1791000,1807106,1818117,1812771,1788196,1777557,1791003,1797085,1794248
Kyrgyz Republic,KGZ,3223900,3292400,3358700,3423900,3487100,3552000,3617400,3685800,3759300,3838300,3916400,3990300,4066500,4144600,4218400,4307500,4391200,4463600,4515400,4516700,4515100,4560400,4628400,4696400,4769000,4840400,4898400,4945100,4990700,5043300,5104700,5162600,5218400,5268400,5318700,5383300,5447900,5514600,5607200,5719600,5835500,5956900,6079500,6198200,6322800,6456900
Lao PDR,LAO,2990965,3051577,3098973,3135842,3168843,3207328,3258144,3323366,3401191,3489903,3586316,3687898,3794198,3905530,4020811,4138845,4258472,4379236,4500351,4619944,4735845,4846483,4951195,5050315,5144602,5235346,5323700,5409582,5493246,5576640,5662208,5751676,5846074,5944948,6046620,6148623,6249165,6347567,6444530,6541304,6639756,6741164,6845846,6953035,7061507,7169455
Latvia,LVA,2437186,2456130,2470989,2485073,2497921,2505953,2511701,2519421,2531080,2546011,2562047,2578873,2599892,2626583,2653434,2666955,2663151,2650581,2614338,2563290,2520742,2485056,2457222,2432851,2410019,2390482,2367550,2337170,2310173,2287955,2263122,2238799,2218357,2200325,2177322,2141669,2097555,2059709,2034319,2012647,1993782,1977527,1959537,1942248,1927174,1912789
Lebanon,LBN,2536778,2575749,2596406,2601740,2597205,2590902,2588929,2594302,2606139,2622072,2638054,2651995,2660872,2667960,2684675,2726440,2803044,2921706,3076132,3246126,3403357,3528380,3610665,3658424,3693520,3747766,3842778,3991001,4182205,4388375,4569378,4698763,4759753,4767344,4764741,4813026,4953061,5202343,5538634,5914621,6262410,6532678,6711121,6811873,6848925,6855713
Lesotho,LSO,1130635,1160792,1193521,1228536,1265202,1302667,1340255,1377799,1415367,1452728,1489691,1526131,1561692,1596394,1630996,1666563,1703747,1742539,1782285,1822236,1861324,1898598,1934291,1968044,1997516,2019731,2032804,2035740,2029829,2018348,2005940,1996114,1989939,1986922,1987129,1990131,1995581,2003787,2014990,2028519,2043437,2059021,2075001,2091412,2108132,2125268
Liberia,LBR,1556290,1600452,1645836,1692140,1740914,1794248,1853001,1918826,1989483,2057227,2111671,2145754,2158429,2153316,2134097,2106431,2075912,2040139,2001624,1976699,1986493,2044661,2160478,2326202,2517481,2699712,2848456,2953927,3024729,3077058,3135651,3218116,3329211,3461911,3607860,3754133,3891356,4017443,4135659,4248334,4359505,4472230,4586788,4702228,4818977,4937374
Lithuania,LTU,3273894,3301652,3328664,3355036,3379514,3397842,3413202,3432947,3457179,3485192,3514205,3544543,3578914,3616367,3655049,3684255,3697838,3704134,3700114,3682613,3657144,3629102,3601613,3575137,3549331,3524238,3499536,3470818,3443067,3415213,3377075,3322528,3269909,3231294,3198231,3162916,3097282,3028115,2987773,2957689,2932367,2904910,2868231,2828403,2801543,2786844
Luxembourg,LUX,355050,358950,360731,361358,362007,362856,364150,365225,365525,365622,365998,366706,368355,370750,373450,377100,381850,387000,392175,397475,402925,408625,414225,419450,424700,430475,436300,441525,446175,451630,458095,465158,472637,479993,488650,497783,506953,518347,530946,543360,556319,569604,582014,596336,607950,619896
Madagascar,MDG,7345780,7556026,7773449,7998164,8230218,8469672,8716553,8971345,9234129,9504281,9780872,10063495,10352120,10647754,10952395,11268658,11598633,11942819,12301336,12675460,13066543,13475400,13902688,14347854,14808791,15282521,15766806,16260932,16765117,17279141,17802997,18336724,18880269,19433530,19996473,20569117,21151640,21743967,22346641,22961253,23589887,24234088,24894380,25570540,26262368,26969307
Malawi,MWI,5235073,5384795,5545651,5717953,5896865,6075495,6250440,6412384,6565985,6737924,6964607,7268267,7666391,8141146,8636690,9075572,9404500,9600355,9685973,9710331,9745690,9844415,10022789,10264906,10552338,10854322,11148758,11432000,11713664,12000181,12301838,12625952,12973699,13341806,13727890,14128155,14539612,14962112,15396005,15839269,16289540,16745303,17205289,17670260,18143315,18628747
Malaysia,MYS,11871104,12162187,12468689,12790312,13122839,13460031,13798085,14134058,14471211,14819424,15192298,15598927,16043731,16522000,17022465,17528961,18029824,18519937,19002656,19484898,19977500,20487607,21017613,21562793,22114654,22661298,23194257,23709119,24208391,24698819,25190652,25690611,26201961,26720370,27236006,27735040,28208035,28650955,29068159,29468872,29866559,30270962,30684804,31105028,31528585,31949777
Maldives,MDV,132104,136417,140563,144631,148780,153276,158272,163824,169851,176244,182850,189537,196264,203028,209785,216510,223158,229751,236265,242605,248588,254139,259183,263842,268455,273527,279398,286306,294186,302683,311265,319608,327487,335169,343452,353398,365734,380495,397237,415593,435015,454915,475513,496402,515696,530953
Mali,MLI,6368348,6482278,6596728,6712267,6831085,6956402,7090126,7234728,7388668,7545166,7694855,7831889,7952865,8062219,8171522,8296915,8449913,8635527,8850334,9087176,9334880,9585653,9837571,10094368,10360561,10642936,10946445,11271600,11616887,11982695,12369070,12775516,13203378,13651464,14113577,14581429,15049353,15514591,15979499,16449864,16934220,17438778,17965429,18512394,19077690,19658031
Malta,MLT,301996,304222,305774,306970,310182,313342,316645,318982,325898,330524,330593,336452,342121,344485,347325,350722,354170,363845,367618,371308,374797,377419,379905,382791,385287,387578,390087,393028,395969,398582,401268,403834,405308,406724,409379,412477,414508,416268,420028,425967,434558,445053,455356,467999,484630,502653
Mauritania,MRT,1291855,1330598,1370357,1411140,1453032,1496185,1540640,1586493,1633652,1681863,1730738,1780030,1829675,1879763,1930433,1981899,2034346,2087912,2142645,2198532,2255516,2313630,2372901,2433563,2496216,2561585,2630219,2702400,2778099,2857148,2939247,3024194,3111906,3202517,3296238,3393409,3494195,3598648,3706554,3817494,3930896,4046301,4163534,4282574,4403319,4525696
Mauritius,MUS,878042,892000,906507,921379,933499,949888,966039,980462,992521,1001691,1012221,1020528,1028360,1036082,1043239,1051260,1058775,1070266,1084441,1097374,1112846,1122457,1133996,1148284,1160421,1175267,1186873,1196287,1204621,1213370,1221003,1228254,1233996,1239630,1244121,1247429,1250400,1252404,1255882,1258653,1260934,1262605,1263473,1264613,1265303,1265711
Mexico,MEX,57966804,59607953,61242190,62869903,64494869,66123897,67761372,69407624,71058654,72709299,74352631,75983485,77599098,79200081,80788721,82368931,83943132,85512623,87075138,88625440,90156400,91663285,93147044,94611002,96056321,97484832,98899845,100298153,101684758,103081020,104514932,106005203,107560153,109170502,110815271,112463887,114092963,115695473,117274155,118827161,120355128,121858258,123333376,124777324,126190788,127575529
"Micronesia, Fed. Sts.",FSM,62455,63128,64361,66082,68194,70517,72930,75423,78012,80629,83195,85640,87905,89979,91985,94057,96301,98770,101389,103915,106030,107529,108321,108480,108208,107781,107402,107173,107030,106901,106625,106129,105371,104444,103543,102975,102911,103450,104506,105926,107446,108895,110215,111459,112640,113815
Moldova,MDA,2582697,2611616,2638126,2660619,2682309,2703999,2728099,2754609,2782725,2811645,2840565,2867878,2893584,2918487,2940177,2957047,2969097,2975523,2977130,2973114,2964277,2952307,2946401,2935524,2934339,2929735,2923783,2917252,2910504,2902320,2895147,2888111,2880095,2873429,2867964,2864346,2861487,2859833,2859458,2858692,2856950,2834530,2802170,2755158,2706049,2657637
Mongolia,MNG,1438425,1479651,1520865,1562209,1603906,1646291,1689622,1733475,1777727,1823216,1871090,1921881,1976310,2033344,2089715,2141011,2184145,2217917,2243495,2263186,2280479,2298020,2316568,2335734,2355664,2376225,2397418,2419588,2443271,2468762,2496391,2526424,2558856,2593820,2631898,2673796,2719896,2770362,2824699,2881792,2940108,2998439,3056359,3113779,3170208,3225167
Montenegro,MNE,538902,546487,552562,557576,562065,566888,572608,579445,587001,594506,600884,605398,607711,608144,607413,606571,606372,607105,608516,610170,611389,611712,611003,609520,607662,606001,604950,607389,609828,612267,613353,614261,615025,615875,616969,618294,619428,620079,620601,621207,621810,622159,622303,622373,622227,622137
Morocco,MAR,17413144,17796164,18198844,18620093,19059770,19516942,19990012,20479715,20984009,21495086,22002643,22499110,22980335,23447252,23903592,24355619,24807462,25260404,25711406,26155203,26584478,26994250,27383473,27754571,28110443,28455509,28793679,29126330,29454768,29782884,30115214,30455561,30804683,31163673,31536811,31929087,32343389,32781850,33241898,33715693,34192347,34663603,35126296,35581294,36029138,36471769
Mozambique,MOZ,9906965,10165215,10443953,10738533,11041204,11341402,11630194,11913088,12189824,12439762,12636116,12764387,12808558,12786349,12758008,12805946,12987292,13328032,13806001,14370946,14948048,15483286,15960442,16397183,16813949,17244188,17711927,18221888,18764155,19331100,19910552,20493925,21080110,21673316,22276596,22894710,23531574,24187487,24862648,25560725,26286163,27042002,27829942,28649007,29495962,30366036
Myanmar,MMR,29918461,30611095,31314341,32026742,32748784,33481396,34224313,34976462,35734272,36491800,37241527,37977086,38698482,39404335,40085651,40731426,41335199,41890197,42401684,42890002,43383428,43901598,44452206,45027233,45611220,46181077,46719701,47225120,47702171,48148902,48564484,48949924,49301050,49621475,49929642,50250367,50600818,50990615,51413698,51852451,52280807,52680726,53045226,53382581,53708395,54045420
Namibia,NAM,922903,947921,971121,992956,1014057,1035381,1057727,1080941,1105104,1131632,1162279,1198148,1239928,1286797,1336536,1386010,1432905,1476388,1516958,1555101,1591822,1627865,1663378,1698032,1731639,1763859,1794571,1823672,1851523,1879117,1907745,1938320,1971317,2006514,2043394,2081044,2118874,2156701,2194784,2233510,2273430,2314904,2358041,2402603,2448255,2494530
Nepal,NPL,13131260,13420369,13719471,14028536,14347641,14676929,15016402,15367230,15729431,16100617,16477473,16858310,17239673,17623693,18020753,18445028,18905478,19405504,19938320,20489975,21040904,21576071,22090352,22584775,23057883,23509964,23941110,24347106,24725627,25080872,25419344,25744500,26066693,26382581,26666576,26883535,27013212,27041437,26989862,26917906,26906926,27015031,27261131,27627124,28087871,28608710
Netherlands,NLD,13545056,13666335,13774037,13856185,13941700,14038270,14149800,14247208,14312690,14367070,14424211,14491632,14572278,14665037,14760094,14848907,14951510,15069798,15184166,15290368,15382838,15459006,15530498,15610650,15707209,15812088,15925513,16046180,16148929,16225302,16281779,16319868,16346101,16381696,16445593,16530388,16615394,16693074,16754962,16804432,16865008,16939923,17030314,17131296,17231624,17332850
Nicaragua,NIC,2721415,2806857,2894972,2985489,3077866,3171408,3265519,3360140,3455123,3549711,3642976,3734341,3823130,3909671,3995533,4082958,4173434,4267568,4364512,4462497,4559006,4652185,4741578,4827661,4910647,4991040,5069302,5145366,5219328,5292118,5364935,5438690,5513763,5590055,5667432,5745526,5824065,5903039,5982526,6062454,6142733,6223240,6303974,6384855,6465513,6545502
Niger,NER,5040798,5184941,5335085,5491153,5652652,5818763,5989004,6163705,6343523,6528641,6719309,6915997,7118883,7328943,7548433,7780245,8026591,8288735,8566770,8860287,9168312,9490288,9826598,10178201,10545716,10929918,11331557,11751365,12189983,12647984,13125916,13624467,14143971,14685399,15250908,15843133,16464025,17114761,17795191,18504255,19240157,20001663,20788838,21602472,22442948,23310715
Nigeria,NGA,61677177,63374298,65221378,67203128,69271917,71361131,73423633,75440502,77427546,79414840,81448755,83562785,85766399,88048032,90395271,92788027,95212450,97667632,100161710,102700753,105293700,107948335,110668794,113457663,116319759,119260063,122283850,125394046,128596076,131900631,135320422,138865016,142538308,146339977,150269623,154324933,158503197,162805071,167228767,171765769,176404902,181137448,185960289,190873311,195874740,200963599
North Macedonia,MKD,1784398,1803010,1825552,1851069,1877688,1902719,1924197,1941530,1955243,1965895,1974415,1981534,1987538,1992274,1995513,1996870,1996228,1993302,1988659,1984028,1981703,1983252,1989443,1999598,2012057,2024394,2034819,2042842,2048928,2053426,2057048,2060273,2063131,2065426,2067313,2069039,2070741,2072487,2074278,2076067,2077775,2079328,2080745,2081996,2082958,2083459
Norway,NOR,3985258,4007313,4026152,4043205,4058671,4072517,4085620,4099702,4114787,4128432,4140099,4152516,4167354,4186905,4209488,4226901,4241473,4261732,4286401,4311991,4336613,4359184,4381336,4405157,4431464,4461913,4490967,4513751,4538159,4564855,4591910,4623291,4660677,4709153,4768212,4828726,4889252,4953088,5018573,5079623,5137232,5188607,5234519,5276968,5311916,5347896
Pakistan,PAK,64905998,66816877,68834326,70958169,73197258,75561131,78054343,80680459,83431605,86285935,89213706,92191510,95215378,98285755,101389603,104512881,107647921,110778648,113911126,117086685,120362762,123776839,127349290,131057431,134843233,138624621,142343578,145978402,149549700,153093373,156664697,160304008,164022627,167808105,171648986,175525609,179424641,183340592,187281475,191262919,195306825,199426964,203627284,207896686,212215030,216565318
Palau,PLW,12831,12904,12837,12646,12403,12229,12179,12279,12516,12843,13195,13528,13831,14123,14402,14709,15058,15441,15856,16290,16717,17164,17593,18014,18410,18776,19105,19386,19637,19809,19867,19781,19540,19158,18704,18285,17955,17745,17640,17606,17626,17665,17725,17808,17907,18008
Panama,PAN,1699054,1745138,1791380,1837800,1884424,1931304,1978487,2025971,2073757,2121860,2170325,2219201,2268500,2318264,2368551,2419426,2470947,2523118,2575954,2629580,2684116,2739668,2796291,2853913,2912316,2971196,3030328,3089648,3149188,3209048,3269356,3330217,3391666,3453675,3516204,3579215,3642687,3706483,3770624,3835437,3901315,3968487,4037078,4106771,4176873,4246439
Papua New Guinea,PNG,3063049,3139945,3219829,3302633,3388618,3478100,3571205,3668104,3768483,3871492,3975956,4081030,4186499,4292563,4399324,4506991,4615839,4725547,4836217,4949051,5065661,5187060,5314248,5446641,5581762,5716161,5847586,5974629,6098621,6223377,6354245,6494903,6646895,6808514,6976201,7144776,7310507,7472200,7631002,7788379,7946731,8107775,8271760,8438029,8606316,8776109
Paraguay,PRY,2723812,2791241,2861867,2935712,3013282,3095145,3181625,3272912,3368773,3468535,3571272,3676210,3783074,3891734,4001681,4112386,4223415,4334345,4445016,4555521,4666094,4776843,4887632,4998100,5107839,5216349,5323201,5428444,5531962,5632983,5730549,5824096,5913209,5998427,6081296,6163972,6248020,6333976,6421512,6510276,6599526,6688746,6777872,6867062,6956071,7044636
Peru,PER,15017055,15424744,15838572,16258321,16683456,17113388,17547610,17985393,18426415,18870993,19319746,19772872,20230384,20691283,21153459,21614193,22071433,22522378,22966818,23408131,23851408,24299160,24753824,25210954,25658062,26078293,26459944,26799285,27100968,27372226,27624213,27866145,28102056,28333052,28562317,28792655,29027674,29264318,29506788,29773987,30090359,30470734,30926032,31444297,31989256,32510453
Philippines,PHL,40144248,41285742,42446653,43629412,44838483,46079850,47357743,48672838,50023563,51408912,52827040,54275822,55755355,57263836,58795001,60340767,61895160,63454786,65020116,66593904,68180859,69784088,71401749,73030884,74672014,76325927,77991755,79672873,81365258,83051971,84710542,86326250,87888675,89405482,90901965,92414158,93966780,95570047,97212638,98871552,100513138,102113212,103663927,105173264,106651922,108116615
Poland,POL,33678899,34015199,34356300,34689050,34965600,35247217,35574150,35898587,36230481,36571808,36904134,37201885,37456119,37668045,37824487,37961529,38110782,38246193,38363667,38461408,38542652,38594998,38624370,38649660,38663481,38660271,38258629,38248076,38230364,38204570,38182222,38165445,38141267,38120560,38125759,38151603,38042794,38063255,38063164,38040196,38011735,37986412,37970087,37974826,37974750,37970874
Portugal,PRT,8754365,9093470,9355810,9455675,9558250,9661265,9766312,9851362,9911771,9957865,9996232,10023613,10032734,10030031,10019610,10005000,9983218,9960235,9952494,9964675,9991525,10026176,10063945,10108977,10160196,10217828,10289898,10362722,10419631,10458821,10483861,10503330,10522288,10542964,10558177,10568247,10573100,10557560,10514844,10457295,10401062,10358076,10325452,10300300,10283822,10269417
Romania,ROU,21029429,21293583,21551634,21756096,21951464,22090488,22207282,22353070,22475741,22560478,22640547,22732999,22836841,22949430,23057662,23161458,23201835,23001155,22794284,22763280,22730211,22684270,22619004,22553978,22507344,22472040,22442971,22131970,21730496,21574326,21451748,21319685,21193760,20882982,20537875,20367487,20246871,20147528,20058035,19983693,19908979,19815616,19702267,19587290,19472545,19356544
Russian Federation,RUS,133432000,134200000,135147000,136100000,137060000,138027000,139010000,139941000,140823000,141668000,142745000,143858000,144894000,145908000,146857000,147721000,147969407,148394216,148538197,148458777,148407912,148375787,148160129,147915361,147670784,147214776,146596869,145976482,145306497,144648618,144067316,143518814,143049637,142805114,142742366,142785349,142849468,142960908,143201721,143506995,143819666,144096870,144342396,144496740,144477860,144373535
Rwanda,RWA,4231578,4364706,4506109,4655383,4812872,4978817,5153312,5329252,5504842,5690980,5902843,6146891,6443751,6779983,7088191,7276985,7288882,7083935,6702244,6263757,5936261,5836495,6013107,6419901,6962802,7501234,7933681,8231156,8427060,8557161,8680524,8840215,9043337,9273757,9524534,9782770,10039338,10293331,10549678,10811543,11083635,11369071,11668818,11980937,12301939,12626950
Samoa,WSM,150198,151359,152367,153224,153987,154739,155525,156407,157372,158352,159248,159990,160544,160965,161376,161940,162803,163997,165490,167119,168694,170054,171165,172068,172839,173609,174454,175392,176407,177484,178590,179727,180876,182046,183263,184556,185949,187469,189088,190717,192221,193513,194535,195352,196130,197097
Sao Tome and Principe,STP,81152,83138,85481,88110,90843,93461,95794,97770,99473,101066,102829,104924,107429,110254,113285,116320,119209,121956,124576,127062,129427,131678,133806,135832,137848,139959,142262,144755,147447,150415,153737,157472,161681,166300,171120,175876,180371,184524,188404,192087,195727,199432,203227,207089,211028,215056
Senegal,SEN,4797187,4929846,5057378,5181514,5306681,5439066,5583165,5740444,5909739,6089572,6277424,6471327,6670663,6875754,7086627,7303517,7526307,7755496,7990096,8226760,8461068,8690164,8912861,9130877,9347774,9568722,9797734,10036104,10283699,10541467,10810083,11090116,11382268,11687080,12004701,12335084,12678148,13033809,13401991,13782420,14174731,14578459,14993528,15419381,15854360,16296364
Serbia,SRB,7128000,7163000,7214000,7258000,7297000,7332000,7362000,7405000,7440000,7468000,7489000,7504000,7536000,7558000,7572000,7581000,7586000,7595636,7646424,7699307,7734639,7625357,7617794,7596501,7567745,7540401,7516346,7503433,7496522,7480591,7463157,7440769,7411569,7381579,7350222,7320807,7291436,7234099,7199077,7164132,7130576,7095383,7058322,7020858,6982604,6944975
Seychelles,SYC,57937,59292,60504,61786,62150,62686,63261,64035,64413,64335,64717,65244,65652,68499,68755,69167,69507,70439,70763,72253,74205,75304,76417,77319,78846,80410,81131,81202,83723,82781,82475,82858,84600,85033,86956,87298,89770,87441,88303,89949,91359,93419,94677,95843,96762,97625
Sierra Leone,SLE,2974104,3037154,3102592,3170508,3240839,3313504,3388495,3464106,3540170,3619847,3707510,3805311,3916685,4038144,4156634,4254444,4319762,4348660,4347724,4328957,4309775,4303957,4312666,4335301,4381483,4462378,4584571,4754072,4965766,5201070,5433991,5645624,5829237,5989633,6133603,6272734,6415634,6563240,6712581,6863980,7017144,7171914,7328838,7488431,7650154,7813215
Slovak Republic,SVK,4689623,4739105,4789507,4840501,4890125,4938973,4979815,5016105,5055099,5091971,5127097,5161768,5193838,5222840,5250596,5275942,5299187,5303294,5305016,5325305,5346331,5361999,5373361,5383291,5390516,5396020,5388720,5378867,5376912,5373374,5372280,5372807,5373054,5374622,5379233,5386406,5391428,5398384,5407579,5413393,5418649,5423801,5430798,5439232,5446771,5454073
Slovenia,SVN,1776132,1793581,1820249,1842377,1862548,1882599,1901315,1906531,1910334,1922321,1932154,1941641,1965964,1989776,1995196,1996351,1998161,1999429,1996498,1991746,1989443,1989872,1988628,1985956,1981629,1983045,1988925,1992060,1994530,1995733,1997012,2000474,2006868,2018122,2021316,2039669,2048583,2052843,2057159,2059953,2061980,2063531,2065042,2066388,2073894,2087946
Solomon Islands,SLB,186295,193402,200599,207890,215295,222840,230546,238429,246447,254559,262687,270788,278837,286870,294972,303272,311866,320780,329995,339504,349281,359281,369523,379999,390693,401586,412660,423944,435432,447017,458539,469918,481078,492132,503360,515181,527861,541521,556064,571335,587079,603118,619437,636038,652858,669823
South Africa,ZAF,24552540,25195187,25836888,26480913,27138965,27827320,28556769,29333103,30150448,30993758,31841593,32678874,33495953,34297727,35100909,35930050,36800509,37718950,38672607,39633750,40564059,41435758,42241011,42987461,43682260,44338543,44967708,45571274,46150913,46719196,47291610,47880601,48489459,49119759,49779471,50477011,51216964,52004172,52834005,53689236,54545991,55386367,56203654,57000451,57779622,58558270
South Sudan,SSD,3844104,3941618,4041791,4144554,4253083,4371714,4502604,4646489,4799434,4953151,5096482,5220747,5328164,5419809,5485282,5511579,5492623,5420171,5305457,5185699,5111365,5118083,5221926,5411655,5661942,5933882,6199394,6447793,6688226,6935676,7213351,7535932,7907406,8315139,8736939,9142259,9508364,9830698,10113647,10355036,10554883,10715658,10832512,10910759,10975920,11062113
Spain,ESP,35373335,35757900,36137812,36511638,36864898,37191330,37491165,37758631,37986012,38171525,38330364,38469512,38584624,38684815,38766939,38827764,38867322,38966376,39157685,39361262,39549108,39724050,39889852,40057389,40223509,40386875,40567864,40850412,41431558,42187645,42921895,43653155,44397319,45226803,45954106,46362946,46576897,46742697,46773055,46620045,46480882,46444832,46484062,46593236,46797754,47076781
Sri Lanka,LKA,13501935,13755146,14012899,14273495,14533690,14788862,15035834,15272831,15501207,15724651,15948487,16176280,16408859,16643952,16878189,17106753,17325773,17535729,17736821,17924823,18094477,18242912,18367288,18470900,18564599,18663284,18777601,18911730,19062482,19224037,19387153,19544988,19695972,19842044,19983984,20123508,20261737,20398670,20425000,20585000,20778000,20970000,21203000,21444000,21670000,21803000
St. Lucia,LCA,108391,109627,111067,112685,114400,116136,117822,119430,120988,122564,124292,126244,128449,130856,133367,135788,138020,139995,141760,143409,145083,146870,148834,150913,153021,154995,156729,158179,159392,160530,161816,163417,165381,167639,170011,172221,174085,175544,176646,177513,178296,179126,180024,180955,181889,182790
Sudan,SDN,11732958,12144135,12578407,13034625,13510421,14002303,14507468,15027248,15562125,16107620,16657959,17210187,17757491,18303435,18867560,19476647,20147590,20891441,21696244,22527834,23338464,24094747,24782383,25413917,26015521,26626520,27275015,27971082,28704778,29460519,30214193,30949516,31661823,32360621,33060837,33783788,34545013,35349681,36193783,37072550,37977655,38902950,39847440,40813396,41801533,42813238
Suriname,SUR,361667,359226,357953,357659,358099,358818,359519,360143,360920,362276,364733,368638,374140,381037,388881,397085,405168,413005,420655,428030,435105,441851,448213,454161,459831,465385,470949,476579,482235,487942,493679,499464,505295,511181,517123,523111,529131,535179,541245,547291,553273,559143,564888,570496,575991,581372
Sweden,SWE,8159955,8192437,8222286,8251540,8275599,8293678,8310531,8320503,8325263,8329033,8336605,8350386,8369829,8397804,8436489,8492964,8558835,8617375,8668067,8718561,8780745,8826939,8840998,8846062,8850974,8857874,8872109,8895960,8924958,8958229,8993531,9029572,9080505,9148092,9219637,9298515,9378126,9449213,9519374,9600379,9696110,9799186,9923085,10057698,10175214,10285453
Switzerland,CHE,6341405,6338632,6302504,6281174,6281738,6294365,6319408,6354074,6391309,6418773,6441865,6470365,6504124,6545106,6593386,6646912,6715519,6799978,6875364,6938265,6993795,7040687,7071850,7088906,7110001,7143991,7184250,7229854,7284753,7339001,7389625,7437115,7483934,7551117,7647675,7743831,7824909,7912398,7996861,8089346,8188649,8282396,8373338,8451840,8514329,8574832
Syrian Arab Republic,SYR,7283177,7535714,7794662,8060649,8336418,8625690,8930774,9252851,9590227,9938847,10293049,10648632,11004272,11360852,11719071,12080444,12446171,12815401,13187663,13565072,13950476,14345492,14754142,15175316,15599591,16013985,16410848,16766561,17084632,17415214,17827825,18361176,19059258,19878254,20664038,21205873,21362529,21082966,20442541,19584274,18715672,17997408,17453933,17068002,16906283,17070135
Tajikistan,TJK,3296103,3390941,3487652,3586515,3688419,3794451,3905446,4020821,4140295,4265274,4397562,4537822,4687325,4844002,5001169,5149874,5283814,5400630,5502494,5593315,5679167,5764810,5851355,5938405,6027388,6119661,6216341,6318513,6426867,6541547,6662389,6789321,6922587,7062672,7209930,7364753,7527394,7697510,7874835,8059769,8252833,8454028,8663579,8880268,9100837,9321018
Tanzania,TZA,15388936,15885229,16390159,16905214,17432757,17976222,18538259,19120680,19723322,20344547,20981776,21633796,22296286,22971200,23670808,24411738,25203845,26056594,26961197,27887203,28792639,29649135,30444526,31192857,31924196,32682239,33499180,34385856,35334788,36337782,37379767,38450320,39548663,40681414,41853944,43073834,44346525,45673338,47052481,48482266,49959822,51482633,53050790,54663906,56318348,58005463
Thailand,THA,41252324,42326312,43377271,44405904,45413080,46401754,47374472,48326274,49255900,50173924,51094868,52026901,52980094,53945881,54891520,55772169,56558186,57232465,57811021,58337773,58875269,59467274,60130186,60846582,61585103,62298571,62952642,63539196,64069087,64549866,64995299,65416189,65812536,66182067,66530984,66866839,67195028,67518382,67835957,68144501,68438730,68714511,68971331,69209858,69428524,69625582
Timor-Leste,TLS,624555,629227,627251,619816,610054,602358,599905,603842,613238,626675,641844,657053,671752,686471,701809,718741,737814,759527,783198,806860,827825,844334,855362,861866,866530,873136,884366,901214,922694,947108,971893,995135,1016432,1036392,1055431,1074277,1093523,1113151,1132994,1153295,1174331,1196302,1219288,1243261,1267972,1293119
Togo,TGO,2356622,2410446,2464423,2518457,2576292,2642696,2720839,2812307,2915620,3026973,3140846,3252994,3363042,3471739,3577468,3678567,3774312,3862992,3945905,4029053,4120616,4226291,4348805,4485951,4632446,4780448,4924402,5062567,5197031,5330639,5467766,5611640,5762880,5920359,6083420,6250835,6421679,6595943,6773807,6954721,7137997,7323158,7509952,7698475,7889094,8082366
Tonga,TON,87582,88318,89234,90273,91335,92268,92971,93409,93641,93729,93788,93896,94088,94321,94591,94851,95069,95246,95399,95557,95739,95976,96273,96619,97032,97482,97973,98487,99022,99589,100218,100905,101706,102581,103379,103890,103986,103562,102737,101768,101028,100781,101133,101998,103197,104494
Trinidad and Tobago,TTO,996493,1010936,1025107,1039212,1053558,1068640,1084744,1101983,1120020,1138071,1155074,1170285,1183381,1194541,1204153,1212857,1221116,1229103,1236683,1243616,1249520,1254200,1257549,1259848,1261695,1263933,1267153,1271632,1277213,1283559,1290123,1296502,1302561,1308451,1314443,1320930,1328147,1336178,1344817,1353700,1362342,1370328,1377564,1384072,1389858,1394973
Tunisia,TUN,5530975,5656914,5786478,5919965,6060151,6210756,6374039,6551231,6740529,6937331,7135270,7329594,7517858,7700736,7880332,8060210,8242496,8427857,8613861,8795932,8967916,9125398,9267340,9395123,9509857,9613588,9708350,9793903,9871251,9945277,10022277,10106771,10201214,10304726,10414433,10525694,10635244,10741880,10847002,10952951,11063201,11179949,11303946,11433443,11565204,11694719
Turkey,TUR,38370283,39277258,40189567,41108297,42039992,42994041,43975971,44988414,46025411,47073472,48114155,49133937,50128541,51100924,52053765,52992487,53921760,54840590,55748948,56653804,57564204,58486456,59423282,60372568,61329676,62287397,63240194,64192243,65145367,66089402,67010930,67903469,68756810,69581848,70418604,71321399,72326988,73443863,74653016,75928564,77231907,78529409,79821724,81101892,82319724,83429615
Turkmenistan,TKM,2457384,2525364,2594313,2664258,2734895,2805819,2876808,2947779,3019066,3091513,3166221,3244018,3324458,3407321,3493895,3585868,3683967,3789185,3899843,4010789,4115102,4207841,4287346,4355116,4413479,4466135,4516133,4564083,4610005,4655743,4703401,4754646,4810109,4870141,4935767,5007954,5087213,5174085,5267900,5366375,5466328,5565287,5662372,5757669,5850908,5942089
Tuvalu,TUV,5905,6060,6323,6650,7014,7358,7637,7827,7956,8041,8115,8219,8336,8485,8637,8779,8913,9026,9112,9194,9252,9298,9323,9323,9332,9346,9394,9484,9596,9726,9869,10000,10120,10221,10314,10424,10530,10633,10739,10857,10972,11099,11225,11370,11508,11646
Uganda,UGA,10453037,10737403,11042974,11368615,11712530,12071145,12442334,12825082,13221991,13638729,14082875,14559355,15070302,15612754,16180124,16763042,17354392,17953531,18561674,19175988,19793541,20413152,21032821,21655398,22290780,22952410,23650172,24388968,25167257,25980552,26821297,27684585,28571475,29486338,30431736,31411096,32428167,33476919,34559168,35695246,36912148,38225453,39647506,41162465,42723139,44269594
Ukraine,UKR,48452626,48755665,49032729,49287127,49523314,49747989,49965874,50221000,50384000,50564000,50754000,50917000,51097000,51293000,51521000,51773000,51891400,52000500,52150400,52179200,51921400,51512800,51057800,50594600,50144500,49674000,49176500,48662400,48202470,47812949,47451626,47105171,46787786,46509355,46258189,46053331,45870741,45706086,45593342,45489648,45272156,45154036,45004674,44831135,44622518,44385155
United Kingdom,GBR,56229974,56225800,56211968,56193492,56196504,56246951,56314216,56333829,56313641,56332848,56422072,56550268,56681396,56802050,56928327,57076711,57247586,57424897,57580402,57718614,57865745,58019030,58166950,58316954,58487141,58682466,58892514,59119673,59370479,59647577,59987905,60401206,60846820,61322463,61806995,62276270,62766365,63258810,63700215,64128273,64602298,65116219,65611593,66058859,66460344,66834405
United States,USA,213854000,215973000,218035000,220239000,222585000,225055000,227225000,229466000,231664000,233792000,235825000,237924000,240133000,242289000,244499000,246819000,249623000,252981000,256514000,259919000,263126000,266278000,269394000,272657000,275854000,279040000,282162411,284968955,287625193,290107933,292805298,295516599,298379912,301231207,304093966,306771529,309321666,311556874,313830990,315993715,318301008,320635163,322941311,324985539,326687501,328239523
Uruguay,URY,2824095,2830176,2841372,2856958,2875728,2895688,2915389,2934613,2953852,2973036,2992246,3011519,3030649,3049581,3068705,3088595,3109601,3131660,3154464,3177745,3201151,3224281,3247381,3270164,3291053,3308012,3319736,3325473,3326040,3323668,3321476,3321803,3325401,3331749,3340221,3349676,3359275,3368934,3378974,3389439,3400434,3412009,3424132,3436646,3449299,3461734
Uzbekistan,UZB,13491117,13857478,14242769,14643875,15057224,15476922,15898757,16321696,16747426,17177664,17615040,18061284,18515578,18976417,19443887,19918119,20510000,20952000,21449000,21942000,22377000,22785000,23225000,23667000,24051000,24311650,24650400,24964450,25271850,25567650,25864350,26167000,26488250,26868000,27302800,27767400,28562400,29339400,29774500,30243200,30757700,31298900,31847900,32388600,32956100,33580650
Vanuatu,VUT,96774,99859,103006,106200,109405,112549,115597,118541,121395,124209,127049,129984,132995,136079,139315,142794,146573,150716,155170,159744,164129,168158,171722,174921,177987,181265,184972,189219,193920,198959,204127,209282,214370,219472,224704,230247,236211,242653,249499,256635,263888,271130,278330,285510,292680,299882
"Venezuela, RB",VEN,12816955,13189509,13572208,13964379,14364727,14771271,15182611,15597886,16017573,16443134,16876703,17319520,17772001,18232730,18698847,19166471,19632665,20096317,20557683,21016901,21474549,21931084,22385650,22837743,23288564,23739841,24192446,24646472,25100408,25551624,25996594,26432447,26850194,27247610,27635832,28031009,28439940,28888369,29362449,29783571,30045134,30081829,29846179,29390409,28870195,28515829
Vietnam,VNM,47657561,48718189,49785282,50861162,51959015,53095408,54281846,55522803,56814306,58148384,59512619,60896721,62293856,63701972,65120439,66550234,67988862,69436954,70883481,72300308,73651218,74910461,76068743,77133214,78115710,79035871,79910412,80742499,81534407,82301656,83062821,83832661,84617540,85419591,86243413,87092252,87967651,88871561,89802487,90753472,91714595,92677076,93638724,94596642,95540395,96462106
West Bank and Gaza,PSE,..,..,..,..,..,..,..,..,..,..,..,..,..,..,..,..,1978248,2068845,2163591,2262676,2366298,2474666,2587997,2706518,2776568,2848431,2922153,2997784,3075373,3154969,3236626,3320396,3406334,3494496,3591977,3689099,3786161,3882986,3979998,4076708,4173398,4270092,4367088,4454805,4569087,4685306
"Yemen, Rep.",YEM,6629999,6784695,6967941,7178675,7414158,7669694,7941898,8231910,8541605,8869370,9213084,9572175,9941109,10322043,10730862,11189177,11709993,12302124,12954155,13634076,14297613,14913315,15469274,15975668,16450310,16921149,17409072,17918373,18443691,18985000,19540098,20107409,20687646,21282515,21892146,22516460,23154855,23807588,24473178,25147109,25823485,26497889,27168210,27834821,28498687,29161922
Zambia,ZMB,4778724,4943283,5112823,5287548,5468262,5656139,5851825,6055366,6265864,6481916,6701540,6923149,7146969,7372837,7598275,7820205,8036845,8246656,8451347,8656486,8869740,9096607,9339733,9597609,9866476,10140561,10415944,10692193,10971698,11256743,11550642,11856247,12173514,12502958,12848530,13215139,13605984,14023193,14465121,14926504,15399753,15879361,16363507,16853688,17351822,17861030
Zimbabwe,ZWE,6085074,6293875,6502569,6712827,6929664,7160023,7408624,7675591,7958241,8254747,8562249,8877489,9200149,9527203,9849125,10153852,10432421,10680995,10900502,11092766,11261744,11410714,11541217,11653242,11747072,11822719,11881477,11923914,11954290,11982224,12019912,12076699,12155491,12255922,12379549,12526968,12697723,12894316,13115131,13350356,13586681,13814629,14030390,14236745,14439018,14645468
,,,,,,,,,,,,,,,,,,,,,,,,,,,,,,,,,,,,,,,,,,,,,,,
,,,,,,,,,,,,,,,,,,,,,,,,,,,,,,,,,,,,,,,,,,,,,,,
,,,,,,,,,,,,,,,,,,,,,,,,,,,,,,,,,,,,,,,,,,,,,,,
,,,,,,,,,,,,,,,,,,,,,,,,,,,,,,,,,,,,,,,,,,,,,,,
,,,,,,,,,,,,,,,,,,,,,,,,,,,,,,,,,,,,,,,,,,,,,,,
,,,,,,,,,,,,,,,,,,,,,,,,,,,,,,,,,,,,,,,,,,,,,,,
,,,,,,,,,,,,,,,,,,,,,,,,,,,,,,,,,,,,,,,,,,,,,,,
,,,,,,,,,,,,,,,,,,,,,,,,,,,,,,,,,,,,,,,,,,,,,,,
,,,,,,,,,,,,,,,,,,,,,,,,,,,,,,,,,,,,,,,,,,,,,,,
,,,,,,,,,,,,,,,,,,,,,,,,,,,,,,,,,,,,,,,,,,,,,,,
,,,,,,,,,,,,,,,,,,,,,,,,,,,,,,,,,,,,,,,,,,,,,,,
,,,,,,,,,,,,,,,,,,,,,,,,,,,,,,,,,,,,,,,,,,,,,,,
,,,,,,,,,,,,,,,,,,,,,,,,,,,,,,,,,,,,,,,,,,,,,,,
,,,,,,,,,,,,,,,,,,,,,,,,,,,,,,,,,,,,,,,,,,,,,,,
,,,,,,,,,,,,,,,,,,,,,,,,,,,,,,,,,,,,,,,,,,,,,,,
,,,,,,,,,,,,,,,,,,,,,,,,,,,,,,,,,,,,,,,,,,,,,,,
,,,,,,,,,,,,,,,,,,,,,,,,,,,,,,,,,,,,,,,,,,,,,,,
,,,,,,,,,,,,,,,,,,,,,,,,,,,,,,,,,,,,,,,,,,,,,,,
,,,,,,,,,,,,,,,,,,,,,,,,,,,,,,,,,,,,,,,,,,,,,,,
,,,,,,,,,,,,,,,,,,,,,,,,,,,,,,,,,,,,,,,,,,,,,,,
,,,,,,,,,,,,,,,,,,,,,,,,,,,,,,,,,,,,,,,,,,,,,,,
,,,,,,,,,,,,,,,,,,,,,,,,,,,,,,,,,,,,,,,,,,,,,,,
,,,,,,,,,,,,,,,,,,,,,,,,,,,,,,,,,,,,,,,,,,,,,,,
,,,,,,,,,,,,,,,,,,,,,,,,,,,,,,,,,,,,,,,,,,,,,,,
,,,,,,,,,,,,,,,,,,,,,,,,,,,,,,,,,,,,,,,,,,,,,,,
,,,,,,,,,,,,,,,,,,,,,,,,,,,,,,,,,,,,,,,,,,,,,,,
,,,,,,,,,,,,,,,,,,,,,,,,,,,,,,,,,,,,,,,,,,,,,,,
,,,,,,,,,,,,,,,,,,,,,,,,,,,,,,,,,,,,,,,,,,,,,,,
,,,,,,,,,,,,,,,,,,,,,,,,,,,,,,,,,,,,,,,,,,,,,,,
,,,,,,,,,,,,,,,,,,,,,,,,,,,,,,,,,,,,,,,,,,,,,,,
,,,,,,,,,,,,,,,,,,,,,,,,,,,,,,,,,,,,,,,,,,,,,,,
,,,,,,,,,,,,,,,,,,,,,,,,,,,,,,,,,,,,,,,,,,,,,,,
,,,,,,,,,,,,,,,,,,,,,,,,,,,,,,,,,,,,,,,,,,,,,,,
,,,,,,,,,,,,,,,,,,,,,,,,,,,,,,,,,,,,,,,,,,,,,,,
,,,,,,,,,,,,,,,,,,,,,,,,,,,,,,,,,,,,,,,,,,,,,,,
,,,,,,,,,,,,,,,,,,,,,,,,,,,,,,,,,,,,,,,,,,,,,,,
,,,,,,,,,,,,,,,,,,,,,,,,,,,,,,,,,,,,,,,,,,,,,,,
,,,,,,,,,,,,,,,,,,,,,,,,,,,,,,,,,,,,,,,,,,,,,,,
,,,,,,,,,,,,,,,,,,,,,,,,,,,,,,,,,,,,,,,,,,,,,,,
,,,,,,,,,,,,,,,,,,,,,,,,,,,,,,,,,,,,,,,,,,,,,,,
,,,,,,,,,,,,,,,,,,,,,,,,,,,,,,,,,,,,,,,,,,,,,,,
,,,,,,,,,,,,,,,,,,,,,,,,,,,,,,,,,,,,,,,,,,,,,,,
,,,,,,,,,,,,,,,,,,,,,,,,,,,,,,,,,,,,,,,,,,,,,,,
,,,,,,,,,,,,,,,,,,,,,,,,,,,,,,,,,,,,,,,,,,,,,,,
,,,,,,,,,,,,,,,,,,,,,,,,,,,,,,,,,,,,,,,,,,,,,,,
,,,,,,,,,,,,,,,,,,,,,,,,,,,,,,,,,,,,,,,,,,,,,,,
,,,,,,,,,,,,,,,,,,,,,,,,,,,,,,,,,,,,,,,,,,,,,,,
,,,,,,,,,,,,,,,,,,,,,,,,,,,,,,,,,,,,,,,,,,,,,,,
,,,,,,,,,,,,,,,,,,,,,,,,,,,,,,,,,,,,,,,,,,,,,,,
,,,,,,,,,,,,,,,,,,,,,,,,,,,,,,,,,,,,,,,,,,,,,,,
,,,,,,,,,,,,,,,,,,,,,,,,,,,,,,,,,,,,,,,,,,,,,,,
,,,,,,,,,,,,,,,,,,,,,,,,,,,,,,,,,,,,,,,,,,,,,,,
,,,,,,,,,,,,,,,,,,,,,,,,,,,,,,,,,,,,,,,,,,,,,,,
,,,,,,,,,,,,,,,,,,,,,,,,,,,,,,,,,,,,,,,,,,,,,,,
,,,,,,,,,,,,,,,,,,,,,,,,,,,,,,,,,,,,,,,,,,,,,,,
,,,,,,,,,,,,,,,,,,,,,,,,,,,,,,,,,,,,,,,,,,,,,,,
,,,,,,,,,,,,,,,,,,,,,,,,,,,,,,,,,,,,,,,,,,,,,,,
,,,,,,,,,,,,,,,,,,,,,,,,,,,,,,,,,,,,,,,,,,,,,,,
,,,,,,,,,,,,,,,,,,,,,,,,,,,,,,,,,,,,,,,,,,,,,,,
,,,,,,,,,,,,,,,,,,,,,,,,,,,,,,,,,,,,,,,,,,,,,,,
,,,,,,,,,,,,,,,,,,,,,,,,,,,,,,,,,,,,,,,,,,,,,,,
,,,,,,,,,,,,,,,,,,,,,,,,,,,,,,,,,,,,,,,,,,,,,,,
,,,,,,,,,,,,,,,,,,,,,,,,,,,,,,,,,,,,,,,,,,,,,,,
,,,,,,,,,,,,,,,,,,,,,,,,,,,,,,,,,,,,,,,,,,,,,,,
,,,,,,,,,,,,,,,,,,,,,,,,,,,,,,,,,,,,,,,,,,,,,,,
,,,,,,,,,,,,,,,,,,,,,,,,,,,,,,,,,,,,,,,,,,,,,,,
,,,,,,,,,,,,,,,,,,,,,,,,,,,,,,,,,,,,,,,,,,,,,,,
,,,,,,,,,,,,,,,,,,,,,,,,,,,,,,,,,,,,,,,,,,,,,,,
,,,,,,,,,,,,,,,,,,,,,,,,,,,,,,,,,,,,,,,,,,,,,,,
,,,,,,,,,,,,,,,,,,,,,,,,,,,,,,,,,,,,,,,,,,,,,,,
,,,,,,,,,,,,,,,,,,,,,,,,,,,,,,,,,,,,,,,,,,,,,,,
,,,,,,,,,,,,,,,,,,,,,,,,,,,,,,,,,,,,,,,,,,,,,,,
,,,,,,,,,,,,,,,,,,,,,,,,,,,,,,,,,,,,,,,,,,,,,,,
,,,,,,,,,,,,,,,,,,,,,,,,,,,,,,,,,,,,,,,,,,,,,,,
,,,,,,,,,,,,,,,,,,,,,,,,,,,,,,,,,,,,,,,,,,,,,,,
,,,,,,,,,,,,,,,,,,,,,,,,,,,,,,,,,,,,,,,,,,,,,,,
,,,,,,,,,,,,,,,,,,,,,,,,,,,,,,,,,,,,,,,,,,,,,,,
,,,,,,,,,,,,,,,,,,,,,,,,,,,,,,,,,,,,,,,,,,,,,,,
,,,,,,,,,,,,,,,,,,,,,,,,,,,,,,,,,,,,,,,,,,,,,,,
,,,,,,,,,,,,,,,,,,,,,,,,,,,,,,,,,,,,,,,,,,,,,,,
,,,,,,,,,,,,,,,,,,,,,,,,,,,,,,,,,,,,,,,,,,,,,,,
,,,,,,,,,,,,,,,,,,,,,,,,,,,,,,,,,,,,,,,,,,,,,,,
,,,,,,,,,,,,,,,,,,,,,,,,,,,,,,,,,,,,,,,,,,,,,,,
,,,,,,,,,,,,,,,,,,,,,,,,,,,,,,,,,,,,,,,,,,,,,,,
,,,,,,,,,,,,,,,,,,,,,,,,,,,,,,,,,,,,,,,,,,,,,,,
,,,,,,,,,,,,,,,,,,,,,,,,,,,,,,,,,,,,,,,,,,,,,,,
,,,,,,,,,,,,,,,,,,,,,,,,,,,,,,,,,,,,,,,,,,,,,,,
,,,,,,,,,,,,,,,,,,,,,,,,,,,,,,,,,,,,,,,,,,,,,,,
,,,,,,,,,,,,,,,,,,,,,,,,,,,,,,,,,,,,,,,,,,,,,,,
,,,,,,,,,,,,,,,,,,,,,,,,,,,,,,,,,,,,,,,,,,,,,,,
,,,,,,,,,,,,,,,,,,,,,,,,,,,,,,,,,,,,,,,,,,,,,,,
,,,,,,,,,,,,,,,,,,,,,,,,,,,,,,,,,,,,,,,,,,,,,,,
,,,,,,,,,,,,,,,,,,,,,,,,,,,,,,,,,,,,,,,,,,,,,,,
,,,,,,,,,,,,,,,,,,,,,,,,,,,,,,,,,,,,,,,,,,,,,,,
,,,,,,,,,,,,,,,,,,,,,,,,,,,,,,,,,,,,,,,,,,,,,,,
,,,,,,,,,,,,,,,,,,,,,,,,,,,,,,,,,,,,,,,,,,,,,,,
,,,,,,,,,,,,,,,,,,,,,,,,,,,,,,,,,,,,,,,,,,,,,,,
,,,,,,,,,,,,,,,,,,,,,,,,,,,,,,,,,,,,,,,,,,,,,,,
,,,,,,,,,,,,,,,,,,,,,,,,,,,,,,,,,,,,,,,,,,,,,,,
,,,,,,,,,,,,,,,,,,,,,,,,,,,,,,,,,,,,,,,,,,,,,,,
,,,,,,,,,,,,,,,,,,,,,,,,,,,,,,,,,,,,,,,,,,,,,,,
,,,,,,,,,,,,,,,,,,,,,,,,,,,,,,,,,,,,,,,,,,,,,,,
,,,,,,,,,,,,,,,,,,,,,,,,,,,,,,,,,,,,,,,,,,,,,,,
,,,,,,,,,,,,,,,,,,,,,,,,,,,,,,,,,,,,,,,,,,,,,,,
,,,,,,,,,,,,,,,,,,,,,,,,,,,,,,,,,,,,,,,,,,,,,,,
,,,,,,,,,,,,,,,,,,,,,,,,,,,,,,,,,,,,,,,,,,,,,,,
,,,,,,,,,,,,,,,,,,,,,,,,,,,,,,,,,,,,,,,,,,,,,,,
,,,,,,,,,,,,,,,,,,,,,,,,,,,,,,,,,,,,,,,,,,,,,,,
,,,,,,,,,,,,,,,,,,,,,,,,,,,,,,,,,,,,,,,,,,,,,,,
,,,,,,,,,,,,,,,,,,,,,,,,,,,,,,,,,,,,,,,,,,,,,,,
,,,,,,,,,,,,,,,,,,,,,,,,,,,,,,,,,,,,,,,,,,,,,,,
,,,,,,,,,,,,,,,,,,,,,,,,,,,,,,,,,,,,,,,,,,,,,,,
,,,,,,,,,,,,,,,,,,,,,,,,,,,,,,,,,,,,,,,,,,,,,,,
,,,,,,,,,,,,,,,,,,,,,,,,,,,,,,,,,,,,,,,,,,,,,,,
,,,,,,,,,,,,,,,,,,,,,,,,,,,,,,,,,,,,,,,,,,,,,,,
,,,,,,,,,,,,,,,,,,,,,,,,,,,,,,,,,,,,,,,,,,,,,,,
,,,,,,,,,,,,,,,,,,,,,,,,,,,,,,,,,,,,,,,,,,,,,,,
,,,,,,,,,,,,,,,,,,,,,,,,,,,,,,,,,,,,,,,,,,,,,,,
,,,,,,,,,,,,,,,,,,,,,,,,,,,,,,,,,,,,,,,,,,,,,,,
,,,,,,,,,,,,,,,,,,,,,,,,,,,,,,,,,,,,,,,,,,,,,,,
,,,,,,,,,,,,,,,,,,,,,,,,,,,,,,,,,,,,,,,,,,,,,,,
,,,,,,,,,,,,,,,,,,,,,,,,,,,,,,,,,,,,,,,,,,,,,,,
,,,,,,,,,,,,,,,,,,,,,,,,,,,,,,,,,,,,,,,,,,,,,,,
,,,,,,,,,,,,,,,,,,,,,,,,,,,,,,,,,,,,,,,,,,,,,,,
,,,,,,,,,,,,,,,,,,,,,,,,,,,,,,,,,,,,,,,,,,,,,,,
,,,,,,,,,,,,,,,,,,,,,,,,,,,,,,,,,,,,,,,,,,,,,,,
,,,,,,,,,,,,,,,,,,,,,,,,,,,,,,,,,,,,,,,,,,,,,,,
,,,,,,,,,,,,,,,,,,,,,,,,,,,,,,,,,,,,,,,,,,,,,,,
,,,,,,,,,,,,,,,,,,,,,,,,,,,,,,,,,,,,,,,,,,,,,,,
,,,,,,,,,,,,,,,,,,,,,,,,,,,,,,,,,,,,,,,,,,,,,,,
,,,,,,,,,,,,,,,,,,,,,,,,,,,,,,,,,,,,,,,,,,,,,,,
,,,,,,,,,,,,,,,,,,,,,,,,,,,,,,,,,,,,,,,,,,,,,,,
,,,,,,,,,,,,,,,,,,,,,,,,,,,,,,,,,,,,,,,,,,,,,,,
,,,,,,,,,,,,,,,,,,,,,,,,,,,,,,,,,,,,,,,,,,,,,,,
,,,,,,,,,,,,,,,,,,,,,,,,,,,,,,,,,,,,,,,,,,,,,,,
,,,,,,,,,,,,,,,,,,,,,,,,,,,,,,,,,,,,,,,,,,,,,,,
,,,,,,,,,,,,,,,,,,,,,,,,,,,,,,,,,,,,,,,,,,,,,,,
,,,,,,,,,,,,,,,,,,,,,,,,,,,,,,,,,,,,,,,,,,,,,,,
,,,,,,,,,,,,,,,,,,,,,,,,,,,,,,,,,,,,,,,,,,,,,,,
,,,,,,,,,,,,,,,,,,,,,,,,,,,,,,,,,,,,,,,,,,,,,,,
,,,,,,,,,,,,,,,,,,,,,,,,,,,,,,,,,,,,,,,,,,,,,,,
,,,,,,,,,,,,,,,,,,,,,,,,,,,,,,,,,,,,,,,,,,,,,,,
,,,,,,,,,,,,,,,,,,,,,,,,,,,,,,,,,,,,,,,,,,,,,,,
,,,,,,,,,,,,,,,,,,,,,,,,,,,,,,,,,,,,,,,,,,,,,,,
,,,,,,,,,,,,,,,,,,,,,,,,,,,,,,,,,,,,,,,,,,,,,,,
,,,,,,,,,,,,,,,,,,,,,,,,,,,,,,,,,,,,,,,,,,,,,,,
,,,,,,,,,,,,,,,,,,,,,,,,,,,,,,,,,,,,,,,,,,,,,,,
,,,,,,,,,,,,,,,,,,,,,,,,,,,,,,,,,,,,,,,,,,,,,,,
,,,,,,,,,,,,,,,,,,,,,,,,,,,,,,,,,,,,,,,,,,,,,,,
,,,,,,,,,,,,,,,,,,,,,,,,,,,,,,,,,,,,,,,,,,,,,,,
,,,,,,,,,,,,,,,,,,,,,,,,,,,,,,,,,,,,,,,,,,,,,,,
,,,,,,,,,,,,,,,,,,,,,,,,,,,,,,,,,,,,,,,,,,,,,,,
,,,,,,,,,,,,,,,,,,,,,,,,,,,,,,,,,,,,,,,,,,,,,,,
,,,,,,,,,,,,,,,,,,,,,,,,,,,,,,,,,,,,,,,,,,,,,,,
,,,,,,,,,,,,,,,,,,,,,,,,,,,,,,,,,,,,,,,,,,,,,,,
,,,,,,,,,,,,,,,,,,,,,,,,,,,,,,,,,,,,,,,,,,,,,,,
,,,,,,,,,,,,,,,,,,,,,,,,,,,,,,,,,,,,,,,,,,,,,,,
,,,,,,,,,,,,,,,,,,,,,,,,,,,,,,,,,,,,,,,,,,,,,,,
,,,,,,,,,,,,,,,,,,,,,,,,,,,,,,,,,,,,,,,,,,,,,,,
,,,,,,,,,,,,,,,,,,,,,,,,,,,,,,,,,,,,,,,,,,,,,,,
,,,,,,,,,,,,,,,,,,,,,,,,,,,,,,,,,,,,,,,,,,,,,,,
,,,,,,,,,,,,,,,,,,,,,,,,,,,,,,,,,,,,,,,,,,,,,,,
,,,,,,,,,,,,,,,,,,,,,,,,,,,,,,,,,,,,,,,,,,,,,,,
,,,,,,,,,,,,,,,,,,,,,,,,,,,,,,,,,,,,,,,,,,,,,,,
,,,,,,,,,,,,,,,,,,,,,,,,,,,,,,,,,,,,,,,,,,,,,,,
,,,,,,,,,,,,,,,,,,,,,,,,,,,,,,,,,,,,,,,,,,,,,,,
,,,,,,,,,,,,,,,,,,,,,,,,,,,,,,,,,,,,,,,,,,,,,,,
,,,,,,,,,,,,,,,,,,,,,,,,,,,,,,,,,,,,,,,,,,,,,,,
,,,,,,,,,,,,,,,,,,,,,,,,,,,,,,,,,,,,,,,,,,,,,,,
,,,,,,,,,,,,,,,,,,,,,,,,,,,,,,,,,,,,,,,,,,,,,,,
,,,,,,,,,,,,,,,,,,,,,,,,,,,,,,,,,,,,,,,,,,,,,,,
,,,,,,,,,,,,,,,,,,,,,,,,,,,,,,,,,,,,,,,,,,,,,,,
,,,,,,,,,,,,,,,,,,,,,,,,,,,,,,,,,,,,,,,,,,,,,,,
,,,,,,,,,,,,,,,,,,,,,,,,,,,,,,,,,,,,,,,,,,,,,,,
,,,,,,,,,,,,,,,,,,,,,,,,,,,,,,,,,,,,,,,,,,,,,,,
,,,,,,,,,,,,,,,,,,,,,,,,,,,,,,,,,,,,,,,,,,,,,,,
,,,,,,,,,,,,,,,,,,,,,,,,,,,,,,,,,,,,,,,,,,,,,,,
,,,,,,,,,,,,,,,,,,,,,,,,,,,,,,,,,,,,,,,,,,,,,,,
,,,,,,,,,,,,,,,,,,,,,,,,,,,,,,,,,,,,,,,,,,,,,,,
,,,,,,,,,,,,,,,,,,,,,,,,,,,,,,,,,,,,,,,,,,,,,,,
,,,,,,,,,,,,,,,,,,,,,,,,,,,,,,,,,,,,,,,,,,,,,,,
,,,,,,,,,,,,,,,,,,,,,,,,,,,,,,,,,,,,,,,,,,,,,,,
,,,,,,,,,,,,,,,,,,,,,,,,,,,,,,,,,,,,,,,,,,,,,,,
,,,,,,,,,,,,,,,,,,,,,,,,,,,,,,,,,,,,,,,,,,,,,,,
,,,,,,,,,,,,,,,,,,,,,,,,,,,,,,,,,,,,,,,,,,,,,,,
,,,,,,,,,,,,,,,,,,,,,,,,,,,,,,,,,,,,,,,,,,,,,,,
,,,,,,,,,,,,,,,,,,,,,,,,,,,,,,,,,,,,,,,,,,,,,,,
,,,,,,,,,,,,,,,,,,,,,,,,,,,,,,,,,,,,,,,,,,,,,,,
,,,,,,,,,,,,,,,,,,,,,,,,,,,,,,,,,,,,,,,,,,,,,,,
,,,,,,,,,,,,,,,,,,,,,,,,,,,,,,,,,,,,,,,,,,,,,,,
,,,,,,,,,,,,,,,,,,,,,,,,,,,,,,,,,,,,,,,,,,,,,,,
,,,,,,,,,,,,,,,,,,,,,,,,,,,,,,,,,,,,,,,,,,,,,,,
,,,,,,,,,,,,,,,,,,,,,,,,,,,,,,,,,,,,,,,,,,,,,,,
,,,,,,,,,,,,,,,,,,,,,,,,,,,,,,,,,,,,,,,,,,,,,,,
,,,,,,,,,,,,,,,,,,,,,,,,,,,,,,,,,,,,,,,,,,,,,,,
,,,,,,,,,,,,,,,,,,,,,,,,,,,,,,,,,,,,,,,,,,,,,,,
,,,,,,,,,,,,,,,,,,,,,,,,,,,,,,,,,,,,,,,,,,,,,,,
,,,,,,,,,,,,,,,,,,,,,,,,,,,,,,,,,,,,,,,,,,,,,,,
,,,,,,,,,,,,,,,,,,,,,,,,,,,,,,,,,,,,,,,,,,,,,,,
,,,,,,,,,,,,,,,,,,,,,,,,,,,,,,,,,,,,,,,,,,,,,,,
,,,,,,,,,,,,,,,,,,,,,,,,,,,,,,,,,,,,,,,,,,,,,,,
,,,,,,,,,,,,,,,,,,,,,,,,,,,,,,,,,,,,,,,,,,,,,,,
,,,,,,,,,,,,,,,,,,,,,,,,,,,,,,,,,,,,,,,,,,,,,,,
,,,,,,,,,,,,,,,,,,,,,,,,,,,,,,,,,,,,,,,,,,,,,,,
,,,,,,,,,,,,,,,,,,,,,,,,,,,,,,,,,,,,,,,,,,,,,,,
,,,,,,,,,,,,,,,,,,,,,,,,,,,,,,,,,,,,,,,,,,,,,,,
,,,,,,,,,,,,,,,,,,,,,,,,,,,,,,,,,,,,,,,,,,,,,,,
,,,,,,,,,,,,,,,,,,,,,,,,,,,,,,,,,,,,,,,,,,,,,,,
,,,,,,,,,,,,,,,,,,,,,,,,,,,,,,,,,,,,,,,,,,,,,,,
,,,,,,,,,,,,,,,,,,,,,,,,,,,,,,,,,,,,,,,,,,,,,,,
,,,,,,,,,,,,,,,,,,,,,,,,,,,,,,,,,,,,,,,,,,,,,,,
,,,,,,,,,,,,,,,,,,,,,,,,,,,,,,,,,,,,,,,,,,,,,,,
,,,,,,,,,,,,,,,,,,,,,,,,,,,,,,,,,,,,,,,,,,,,,,,
,,,,,,,,,,,,,,,,,,,,,,,,,,,,,,,,,,,,,,,,,,,,,,,
,,,,,,,,,,,,,,,,,,,,,,,,,,,,,,,,,,,,,,,,,,,,,,,
,,,,,,,,,,,,,,,,,,,,,,,,,,,,,,,,,,,,,,,,,,,,,,,
,,,,,,,,,,,,,,,,,,,,,,,,,,,,,,,,,,,,,,,,,,,,,,,
,,,,,,,,,,,,,,,,,,,,,,,,,,,,,,,,,,,,,,,,,,,,,,,
,,,,,,,,,,,,,,,,,,,,,,,,,,,,,,,,,,,,,,,,,,,,,,,
,,,,,,,,,,,,,,,,,,,,,,,,,,,,,,,,,,,,,,,,,,,,,,,
,,,,,,,,,,,,,,,,,,,,,,,,,,,,,,,,,,,,,,,,,,,,,,,
,,,,,,,,,,,,,,,,,,,,,,,,,,,,,,,,,,,,,,,,,,,,,,,
,,,,,,,,,,,,,,,,,,,,,,,,,,,,,,,,,,,,,,,,,,,,,,,
,,,,,,,,,,,,,,,,,,,,,,,,,,,,,,,,,,,,,,,,,,,,,,,
,,,,,,,,,,,,,,,,,,,,,,,,,,,,,,,,,,,,,,,,,,,,,,,
,,,,,,,,,,,,,,,,,,,,,,,,,,,,,,,,,,,,,,,,,,,,,,,
,,,,,,,,,,,,,,,,,,,,,,,,,,,,,,,,,,,,,,,,,,,,,,,
,,,,,,,,,,,,,,,,,,,,,,,,,,,,,,,,,,,,,,,,,,,,,,,
,,,,,,,,,,,,,,,,,,,,,,,,,,,,,,,,,,,,,,,,,,,,,,,
,,,,,,,,,,,,,,,,,,,,,,,,,,,,,,,,,,,,,,,,,,,,,,,
,,,,,,,,,,,,,,,,,,,,,,,,,,,,,,,,,,,,,,,,,,,,,,,
,,,,,,,,,,,,,,,,,,,,,,,,,,,,,,,,,,,,,,,,,,,,,,,
,,,,,,,,,,,,,,,,,,,,,,,,,,,,,,,,,,,,,,,,,,,,,,,
,,,,,,,,,,,,,,,,,,,,,,,,,,,,,,,,,,,,,,,,,,,,,,,
,,,,,,,,,,,,,,,,,,,,,,,,,,,,,,,,,,,,,,,,,,,,,,,
,,,,,,,,,,,,,,,,,,,,,,,,,,,,,,,,,,,,,,,,,,,,,,,
,,,,,,,,,,,,,,,,,,,,,,,,,,,,,,,,,,,,,,,,,,,,,,,
,,,,,,,,,,,,,,,,,,,,,,,,,,,,,,,,,,,,,,,,,,,,,,,
,,,,,,,,,,,,,,,,,,,,,,,,,,,,,,,,,,,,,,,,,,,,,,,
,,,,,,,,,,,,,,,,,,,,,,,,,,,,,,,,,,,,,,,,,,,,,,,
,,,,,,,,,,,,,,,,,,,,,,,,,,,,,,,,,,,,,,,,,,,,,,,
,,,,,,,,,,,,,,,,,,,,,,,,,,,,,,,,,,,,,,,,,,,,,,,
,,,,,,,,,,,,,,,,,,,,,,,,,,,,,,,,,,,,,,,,,,,,,,,
,,,,,,,,,,,,,,,,,,,,,,,,,,,,,,,,,,,,,,,,,,,,,,,
,,,,,,,,,,,,,,,,,,,,,,,,,,,,,,,,,,,,,,,,,,,,,,,
,,,,,,,,,,,,,,,,,,,,,,,,,,,,,,,,,,,,,,,,,,,,,,,
,,,,,,,,,,,,,,,,,,,,,,,,,,,,,,,,,,,,,,,,,,,,,,,
,,,,,,,,,,,,,,,,,,,,,,,,,,,,,,,,,,,,,,,,,,,,,,,
,,,,,,,,,,,,,,,,,,,,,,,,,,,,,,,,,,,,,,,,,,,,,,,
,,,,,,,,,,,,,,,,,,,,,,,,,,,,,,,,,,,,,,,,,,,,,,,
,,,,,,,,,,,,,,,,,,,,,,,,,,,,,,,,,,,,,,,,,,,,,,,
,,,,,,,,,,,,,,,,,,,,,,,,,,,,,,,,,,,,,,,,,,,,,,,
,,,,,,,,,,,,,,,,,,,,,,,,,,,,,,,,,,,,,,,,,,,,,,,
,,,,,,,,,,,,,,,,,,,,,,,,,,,,,,,,,,,,,,,,,,,,,,,
,,,,,,,,,,,,,,,,,,,,,,,,,,,,,,,,,,,,,,,,,,,,,,,
,,,,,,,,,,,,,,,,,,,,,,,,,,,,,,,,,,,,,,,,,,,,,,,
,,,,,,,,,,,,,,,,,,,,,,,,,,,,,,,,,,,,,,,,,,,,,,,
,,,,,,,,,,,,,,,,,,,,,,,,,,,,,,,,,,,,,,,,,,,,,,,
,,,,,,,,,,,,,,,,,,,,,,,,,,,,,,,,,,,,,,,,,,,,,,,
,,,,,,,,,,,,,,,,,,,,,,,,,,,,,,,,,,,,,,,,,,,,,,,
,,,,,,,,,,,,,,,,,,,,,,,,,,,,,,,,,,,,,,,,,,,,,,,
,,,,,,,,,,,,,,,,,,,,,,,,,,,,,,,,,,,,,,,,,,,,,,,
,,,,,,,,,,,,,,,,,,,,,,,,,,,,,,,,,,,,,,,,,,,,,,,
,,,,,,,,,,,,,,,,,,,,,,,,,,,,,,,,,,,,,,,,,,,,,,,
,,,,,,,,,,,,,,,,,,,,,,,,,,,,,,,,,,,,,,,,,,,,,,,
,,,,,,,,,,,,,,,,,,,,,,,,,,,,,,,,,,,,,,,,,,,,,,,
,,,,,,,,,,,,,,,,,,,,,,,,,,,,,,,,,,,,,,,,,,,,,,,
,,,,,,,,,,,,,,,,,,,,,,,,,,,,,,,,,,,,,,,,,,,,,,,
,,,,,,,,,,,,,,,,,,,,,,,,,,,,,,,,,,,,,,,,,,,,,,,
,,,,,,,,,,,,,,,,,,,,,,,,,,,,,,,,,,,,,,,,,,,,,,,
,,,,,,,,,,,,,,,,,,,,,,,,,,,,,,,,,,,,,,,,,,,,,,,
,,,,,,,,,,,,,,,,,,,,,,,,,,,,,,,,,,,,,,,,,,,,,,,
,,,,,,,,,,,,,,,,,,,,,,,,,,,,,,,,,,,,,,,,,,,,,,,
,,,,,,,,,,,,,,,,,,,,,,,,,,,,,,,,,,,,,,,,,,,,,,,
,,,,,,,,,,,,,,,,,,,,,,,,,,,,,,,,,,,,,,,,,,,,,,,
,,,,,,,,,,,,,,,,,,,,,,,,,,,,,,,,,,,,,,,,,,,,,,,
,,,,,,,,,,,,,,,,,,,,,,,,,,,,,,,,,,,,,,,,,,,,,,,
,,,,,,,,,,,,,,,,,,,,,,,,,,,,,,,,,,,,,,,,,,,,,,,
,,,,,,,,,,,,,,,,,,,,,,,,,,,,,,,,,,,,,,,,,,,,,,,
,,,,,,,,,,,,,,,,,,,,,,,,,,,,,,,,,,,,,,,,,,,,,,,
,,,,,,,,,,,,,,,,,,,,,,,,,,,,,,,,,,,,,,,,,,,,,,,
,,,,,,,,,,,,,,,,,,,,,,,,,,,,,,,,,,,,,,,,,,,,,,,
,,,,,,,,,,,,,,,,,,,,,,,,,,,,,,,,,,,,,,,,,,,,,,,
,,,,,,,,,,,,,,,,,,,,,,,,,,,,,,,,,,,,,,,,,,,,,,,
,,,,,,,,,,,,,,,,,,,,,,,,,,,,,,,,,,,,,,,,,,,,,,,
,,,,,,,,,,,,,,,,,,,,,,,,,,,,,,,,,,,,,,,,,,,,,,,
,,,,,,,,,,,,,,,,,,,,,,,,,,,,,,,,,,,,,,,,,,,,,,,
,,,,,,,,,,,,,,,,,,,,,,,,,,,,,,,,,,,,,,,,,,,,,,,
,,,,,,,,,,,,,,,,,,,,,,,,,,,,,,,,,,,,,,,,,,,,,,,
,,,,,,,,,,,,,,,,,,,,,,,,,,,,,,,,,,,,,,,,,,,,,,,
,,,,,,,,,,,,,,,,,,,,,,,,,,,,,,,,,,,,,,,,,,,,,,,
,,,,,,,,,,,,,,,,,,,,,,,,,,,,,,,,,,,,,,,,,,,,,,,
,,,,,,,,,,,,,,,,,,,,,,,,,,,,,,,,,,,,,,,,,,,,,,,
,,,,,,,,,,,,,,,,,,,,,,,,,,,,,,,,,,,,,,,,,,,,,,,
,,,,,,,,,,,,,,,,,,,,,,,,,,,,,,,,,,,,,,,,,,,,,,,
,,,,,,,,,,,,,,,,,,,,,,,,,,,,,,,,,,,,,,,,,,,,,,,
,,,,,,,,,,,,,,,,,,,,,,,,,,,,,,,,,,,,,,,,,,,,,,,
,,,,,,,,,,,,,,,,,,,,,,,,,,,,,,,,,,,,,,,,,,,,,,,
,,,,,,,,,,,,,,,,,,,,,,,,,,,,,,,,,,,,,,,,,,,,,,,
,,,,,,,,,,,,,,,,,,,,,,,,,,,,,,,,,,,,,,,,,,,,,,,
,,,,,,,,,,,,,,,,,,,,,,,,,,,,,,,,,,,,,,,,,,,,,,,
,,,,,,,,,,,,,,,,,,,,,,,,,,,,,,,,,,,,,,,,,,,,,,,
,,,,,,,,,,,,,,,,,,,,,,,,,,,,,,,,,,,,,,,,,,,,,,,
,,,,,,,,,,,,,,,,,,,,,,,,,,,,,,,,,,,,,,,,,,,,,,,
,,,,,,,,,,,,,,,,,,,,,,,,,,,,,,,,,,,,,,,,,,,,,,,
,,,,,,,,,,,,,,,,,,,,,,,,,,,,,,,,,,,,,,,,,,,,,,,
,,,,,,,,,,,,,,,,,,,,,,,,,,,,,,,,,,,,,,,,,,,,,,,
,,,,,,,,,,,,,,,,,,,,,,,,,,,,,,,,,,,,,,,,,,,,,,,
,,,,,,,,,,,,,,,,,,,,,,,,,,,,,,,,,,,,,,,,,,,,,,,
,,,,,,,,,,,,,,,,,,,,,,,,,,,,,,,,,,,,,,,,,,,,,,,
,,,,,,,,,,,,,,,,,,,,,,,,,,,,,,,,,,,,,,,,,,,,,,,
,,,,,,,,,,,,,,,,,,,,,,,,,,,,,,,,,,,,,,,,,,,,,,,
,,,,,,,,,,,,,,,,,,,,,,,,,,,,,,,,,,,,,,,,,,,,,,,
,,,,,,,,,,,,,,,,,,,,,,,,,,,,,,,,,,,,,,,,,,,,,,,
,,,,,,,,,,,,,,,,,,,,,,,,,,,,,,,,,,,,,,,,,,,,,,,
,,,,,,,,,,,,,,,,,,,,,,,,,,,,,,,,,,,,,,,,,,,,,,,
,,,,,,,,,,,,,,,,,,,,,,,,,,,,,,,,,,,,,,,,,,,,,,,
,,,,,,,,,,,,,,,,,,,,,,,,,,,,,,,,,,,,,,,,,,,,,,,
,,,,,,,,,,,,,,,,,,,,,,,,,,,,,,,,,,,,,,,,,,,,,,,
,,,,,,,,,,,,,,,,,,,,,,,,,,,,,,,,,,,,,,,,,,,,,,,
,,,,,,,,,,,,,,,,,,,,,,,,,,,,,,,,,,,,,,,,,,,,,,,
,,,,,,,,,,,,,,,,,,,,,,,,,,,,,,,,,,,,,,,,,,,,,,,
,,,,,,,,,,,,,,,,,,,,,,,,,,,,,,,,,,,,,,,,,,,,,,,
,,,,,,,,,,,,,,,,,,,,,,,,,,,,,,,,,,,,,,,,,,,,,,,
,,,,,,,,,,,,,,,,,,,,,,,,,,,,,,,,,,,,,,,,,,,,,,,
,,,,,,,,,,,,,,,,,,,,,,,,,,,,,,,,,,,,,,,,,,,,,,,
,,,,,,,,,,,,,,,,,,,,,,,,,,,,,,,,,,,,,,,,,,,,,,,
,,,,,,,,,,,,,,,,,,,,,,,,,,,,,,,,,,,,,,,,,,,,,,,
,,,,,,,,,,,,,,,,,,,,,,,,,,,,,,,,,,,,,,,,,,,,,,,
,,,,,,,,,,,,,,,,,,,,,,,,,,,,,,,,,,,,,,,,,,,,,,,
,,,,,,,,,,,,,,,,,,,,,,,,,,,,,,,,,,,,,,,,,,,,,,,
,,,,,,,,,,,,,,,,,,,,,,,,,,,,,,,,,,,,,,,,,,,,,,,
,,,,,,,,,,,,,,,,,,,,,,,,,,,,,,,,,,,,,,,,,,,,,,,
,,,,,,,,,,,,,,,,,,,,,,,,,,,,,,,,,,,,,,,,,,,,,,,
,,,,,,,,,,,,,,,,,,,,,,,,,,,,,,,,,,,,,,,,,,,,,,,
,,,,,,,,,,,,,,,,,,,,,,,,,,,,,,,,,,,,,,,,,,,,,,,
,,,,,,,,,,,,,,,,,,,,,,,,,,,,,,,,,,,,,,,,,,,,,,,
,,,,,,,,,,,,,,,,,,,,,,,,,,,,,,,,,,,,,,,,,,,,,,,
,,,,,,,,,,,,,,,,,,,,,,,,,,,,,,,,,,,,,,,,,,,,,,,
,,,,,,,,,,,,,,,,,,,,,,,,,,,,,,,,,,,,,,,,,,,,,,,
,,,,,,,,,,,,,,,,,,,,,,,,,,,,,,,,,,,,,,,,,,,,,,,
,,,,,,,,,,,,,,,,,,,,,,,,,,,,,,,,,,,,,,,,,,,,,,,
,,,,,,,,,,,,,,,,,,,,,,,,,,,,,,,,,,,,,,,,,,,,,,,
,,,,,,,,,,,,,,,,,,,,,,,,,,,,,,,,,,,,,,,,,,,,,,,
,,,,,,,,,,,,,,,,,,,,,,,,,,,,,,,,,,,,,,,,,,,,,,,
,,,,,,,,,,,,,,,,,,,,,,,,,,,,,,,,,,,,,,,,,,,,,,,
,,,,,,,,,,,,,,,,,,,,,,,,,,,,,,,,,,,,,,,,,,,,,,,
,,,,,,,,,,,,,,,,,,,,,,,,,,,,,,,,,,,,,,,,,,,,,,,
,,,,,,,,,,,,,,,,,,,,,,,,,,,,,,,,,,,,,,,,,,,,,,,
,,,,,,,,,,,,,,,,,,,,,,,,,,,,,,,,,,,,,,,,,,,,,,,
,,,,,,,,,,,,,,,,,,,,,,,,,,,,,,,,,,,,,,,,,,,,,,,
,,,,,,,,,,,,,,,,,,,,,,,,,,,,,,,,,,,,,,,,,,,,,,,
,,,,,,,,,,,,,,,,,,,,,,,,,,,,,,,,,,,,,,,,,,,,,,,
,,,,,,,,,,,,,,,,,,,,,,,,,,,,,,,,,,,,,,,,,,,,,,,
,,,,,,,,,,,,,,,,,,,,,,,,,,,,,,,,,,,,,,,,,,,,,,,
,,,,,,,,,,,,,,,,,,,,,,,,,,,,,,,,,,,,,,,,,,,,,,,
,,,,,,,,,,,,,,,,,,,,,,,,,,,,,,,,,,,,,,,,,,,,,,,
,,,,,,,,,,,,,,,,,,,,,,,,,,,,,,,,,,,,,,,,,,,,,,,
,,,,,,,,,,,,,,,,,,,,,,,,,,,,,,,,,,,,,,,,,,,,,,,
,,,,,,,,,,,,,,,,,,,,,,,,,,,,,,,,,,,,,,,,,,,,,,,
,,,,,,,,,,,,,,,,,,,,,,,,,,,,,,,,,,,,,,,,,,,,,,,
,,,,,,,,,,,,,,,,,,,,,,,,,,,,,,,,,,,,,,,,,,,,,,,
,,,,,,,,,,,,,,,,,,,,,,,,,,,,,,,,,,,,,,,,,,,,,,,
,,,,,,,,,,,,,,,,,,,,,,,,,,,,,,,,,,,,,,,,,,,,,,,
,,,,,,,,,,,,,,,,,,,,,,,,,,,,,,,,,,,,,,,,,,,,,,,
,,,,,,,,,,,,,,,,,,,,,,,,,,,,,,,,,,,,,,,,,,,,,,,
,,,,,,,,,,,,,,,,,,,,,,,,,,,,,,,,,,,,,,,,,,,,,,,
,,,,,,,,,,,,,,,,,,,,,,,,,,,,,,,,,,,,,,,,,,,,,,,
,,,,,,,,,,,,,,,,,,,,,,,,,,,,,,,,,,,,,,,,,,,,,,,
,,,,,,,,,,,,,,,,,,,,,,,,,,,,,,,,,,,,,,,,,,,,,,,
,,,,,,,,,,,,,,,,,,,,,,,,,,,,,,,,,,,,,,,,,,,,,,,
,,,,,,,,,,,,,,,,,,,,,,,,,,,,,,,,,,,,,,,,,,,,,,,
,,,,,,,,,,,,,,,,,,,,,,,,,,,,,,,,,,,,,,,,,,,,,,,
,,,,,,,,,,,,,,,,,,,,,,,,,,,,,,,,,,,,,,,,,,,,,,,